VendorID,tpep_pickup_datetime,tpep_dropoff_datetime,passenger_count,trip_distance,RatecodeID,store_and_fwd_flag,PULocationID,DOLocationID,payment_type,fare_amount,extra,mta_tax,tip_amount,tolls_amount,improvement_surcharge,total_amount,congestion_surcharge,Airport_fee,cbd_congestion_fee
2,1756685960000000,1756687517000000,1,9.92,1,N,138,114,1,42.9,6.0,0.5,10.73,0.0,1.0,66.13,2.5,1.75,0.75
2,1756685720000000,1756686368000000,2,6.82,1,N,93,157,1,26.8,1.0,0.5,5.86,0.0,1.0,35.16,0.0,0.0,0.0
2,1756685167000000,1756686143000000,1,3.95,1,N,68,13,1,19.8,1.0,0.5,5.11,0.0,1.0,30.66,2.5,0.0,0.75
2,1756687787000000,1756688689000000,1,3.14,1,N,234,87,1,17.7,1.0,0.5,3.52,0.0,1.0,26.97,2.5,0.0,0.75
2,1756685100000000,1756685732000000,6,2.81,1,N,230,151,1,14.9,1.0,0.5,4.13,0.0,1.0,24.78,2.5,0.0,0.75
1,1756685813000000,1756686576000000,2,2.0,1,N,79,164,1,14.2,4.25,0.5,4.0,0.0,1.0,23.95,2.5,0.0,0.75
1,1756686781000000,1756687393000000,2,3.1,1,N,164,236,1,14.9,4.25,0.5,4.1,0.0,1.0,24.75,2.5,0.0,0.75
1,1756688197000000,1756688915000000,1,1.0,1,N,170,229,1,12.1,4.25,0.5,3.55,0.0,1.0,21.4,2.5,0.0,0.75
2,1756685627000000,1756687486000000,1,6.41,1,N,79,177,1,33.8,1.0,0.5,7.91,0.0,1.0,47.46,2.5,0.0,0.75
2,1756685607000000,1756686099000000,2,1.16,1,N,48,162,1,8.6,1.0,0.5,2.87,0.0,1.0,17.22,2.5,0.0,0.75
2,1756686193000000,1756686816000000,1,2.47,1,N,162,74,1,12.1,1.0,0.5,3.0,0.0,1.0,20.85,2.5,0.0,0.75
2,1756685708000000,1756687460000000,1,7.99,1,N,186,243,1,38.0,1.0,0.5,5.0,0.0,1.0,48.75,2.5,0.0,0.75
2,1756685910000000,1756687273000000,4,9.24,1,N,138,98,2,39.4,6.0,0.5,0.0,0.0,1.0,48.65,0.0,1.75,0.0
1,1756686582000000,1756687418000000,1,5.6,1,N,74,137,4,24.0,4.25,0.5,0.0,0.0,1.0,29.75,2.5,0.0,0.75
1,1756687744000000,1756688372000000,1,2.1,1,N,170,48,1,11.4,4.25,0.5,3.45,0.0,1.0,20.6,2.5,0.0,0.75
2,1756685155000000,1756685816000000,2,1.59,1,N,246,163,2,12.1,1.0,0.5,0.0,0.0,1.0,17.85,2.5,0.0,0.75
2,1756686402000000,1756686881000000,1,1.29,1,N,246,230,1,9.3,1.0,0.5,3.01,0.0,1.0,18.06,2.5,0.0,0.75
2,1756687503000000,1756688120000000,2,2.06,1,N,48,238,1,12.8,1.0,0.5,3.71,0.0,1.0,22.26,2.5,0.0,0.75
1,1756686771000000,1756688329000000,1,15.8,2,N,132,164,1,70.0,3.25,0.5,10.0,6.94,1.0,91.69,2.5,0.0,0.75
2,1756685120000000,1756686383000000,2,8.01,1,N,138,256,2,35.2,6.0,0.5,0.0,0.0,1.0,44.45,0.0,1.75,0.0
2,1756685816000000,1756686062000000,3,1.49,1,N,137,140,1,7.9,1.0,0.5,2.0,0.0,1.0,15.65,2.5,0.0,0.75
1,1756685937000000,1756687208000000,0,5.1,1,N,68,25,1,24.7,4.25,0.5,6.05,0.0,1.0,36.5,2.5,0.0,0.75
2,1756685802000000,1756686807000000,1,2.1,1,N,79,232,1,16.3,1.0,0.5,0.0,0.0,1.0,22.05,2.5,0.0,0.75
2,1756685163000000,1756685177000000,1,0.0,1,N,48,48,4,-3.0,-1.0,-0.5,0.0,0.0,-1.0,-8.75,-2.5,0.0,-0.75
2,1756685163000000,1756685177000000,1,0.0,1,N,48,48,4,3.0,1.0,0.5,0.0,0.0,1.0,8.75,2.5,0.0,0.75
2,1756684842000000,1756686179000000,1,4.75,1,N,246,33,1,24.7,1.0,0.5,6.09,0.0,1.0,36.54,2.5,0.0,0.75
2,1756686495000000,1756687129000000,1,3.1,1,N,229,249,1,14.9,1.0,0.5,5.16,0.0,1.0,25.81,2.5,0.0,0.75
2,1756687302000000,1756687306000000,1,0.0,5,N,230,230,1,34.0,0.0,0.0,7.65,0.0,1.0,45.9,2.5,0.0,0.75
2,1756687504000000,1756687924000000,1,0.84,1,N,230,48,2,8.6,1.0,0.5,0.0,0.0,1.0,14.35,2.5,0.0,0.75
2,1756685196000000,1756685834000000,1,2.15,1,N,261,158,1,12.8,1.0,0.5,3.0,0.0,1.0,21.55,2.5,0.0,0.75
2,1756685942000000,1756686266000000,1,1.33,1,N,158,13,1,7.9,1.0,0.5,2.73,0.0,1.0,16.38,2.5,0.0,0.75
2,1756688028000000,1756688499000000,1,1.46,1,N,144,261,1,10.0,1.0,0.5,3.15,0.0,1.0,18.9,2.5,0.0,0.75
1,1756686871000000,1756688050000000,1,3.9,1,Y,141,90,1,21.2,4.25,0.5,5.35,0.0,1.0,32.3,2.5,0.0,0.75
1,1756686573000000,1756686848000000,1,1.2,1,N,162,107,1,7.2,4.25,0.5,3.25,0.0,1.0,16.2,2.5,0.0,0.75
2,1756684920000000,1756685662000000,1,2.53,1,N,162,148,1,14.9,1.0,0.5,2.0,0.0,1.0,22.65,2.5,0.0,0.75
2,1756685954000000,1756686735000000,1,3.65,1,N,79,48,1,17.0,1.0,0.5,4.55,0.0,1.0,27.3,2.5,0.0,0.75
2,1756687984000000,1756688342000000,1,1.66,1,N,186,142,1,9.3,1.0,0.5,0.0,0.0,1.0,15.05,2.5,0.0,0.75
2,1756685005000000,1756685706000000,1,1.11,1,N,230,164,1,11.4,1.0,0.5,3.43,0.0,1.0,20.58,2.5,0.0,0.75
2,1756685590000000,1756686225000000,1,2.37,1,N,144,186,1,12.8,1.0,0.5,3.71,0.0,1.0,22.26,2.5,0.0,0.75
2,1756686290000000,1756688496000000,1,8.47,1,N,186,225,1,40.8,1.0,0.5,9.31,0.0,1.0,55.86,2.5,0.0,0.75
2,1756684823000000,1756685065000000,1,0.49,1,N,148,79,1,5.8,1.0,0.5,0.0,0.0,1.0,11.55,2.5,0.0,0.75
2,1756686375000000,1756686522000000,1,0.51,1,N,141,141,1,5.1,1.0,0.5,1.0,0.0,1.0,11.1,2.5,0.0,0.0
2,1756685281000000,1756685902000000,1,2.0,1,N,137,79,1,12.1,1.0,0.5,3.57,0.0,1.0,21.42,2.5,0.0,0.75
2,1756685589000000,1756686355000000,1,1.77,1,N,142,186,1,12.8,1.0,0.5,3.71,0.0,1.0,22.26,2.5,0.0,0.75
2,1756686005000000,1756686494000000,1,1.52,1,N,239,140,1,10.7,1.0,0.5,0.78,0.0,1.0,16.48,2.5,0.0,0.0
2,1756686623000000,1756687255000000,1,2.46,1,N,263,239,1,13.5,1.0,0.5,3.7,0.0,1.0,22.2,2.5,0.0,0.0
1,1756685425000000,1756686211000000,1,2.8,1,N,141,74,1,13.5,4.25,0.5,3.85,0.0,1.0,23.1,2.5,0.0,0.75
1,1756687589000000,1756688191000000,1,1.9,1,N,141,142,1,11.4,4.25,0.5,2.0,0.0,1.0,19.15,2.5,0.0,0.75
1,1756685977000000,1756686967000000,1,3.6,1,N,186,263,1,18.4,4.25,0.5,6.05,0.0,1.0,30.2,2.5,0.0,0.75
1,1756686819000000,1756688177000000,1,10.0,1,N,70,161,1,42.2,11.0,0.5,6.0,6.94,1.0,67.64,2.5,1.75,0.75
2,1756685578000000,1756687749000000,1,7.86,1,N,79,41,1,40.1,1.0,0.5,9.17,0.0,1.0,55.02,2.5,0.0,0.75
2,1756685681000000,1756686797000000,2,6.3,1,N,261,140,1,28.9,1.0,0.5,3.46,0.0,1.0,38.11,2.5,0.0,0.75
1,1756686389000000,1756686971000000,1,3.0,1,N,209,79,1,14.2,4.25,0.5,3.0,0.0,1.0,22.95,2.5,0.0,0.75
2,1756687570000000,1756690183000000,1,12.87,1,N,132,189,1,56.9,1.0,0.5,11.88,0.0,1.0,73.03,0.0,1.75,0.0
2,1756687111000000,1756687848000000,2,2.37,1,N,249,50,1,14.2,1.0,0.5,2.0,0.0,1.0,21.95,2.5,0.0,0.75
2,1756686201000000,1756687929000000,1,14.86,1,N,132,112,1,57.6,1.0,0.5,2.0,0.0,1.0,63.85,0.0,1.75,0.0
1,1756685631000000,1756686375000000,1,1.8,1,N,162,90,1,11.4,4.25,0.5,1.0,0.0,1.0,18.15,2.5,0.0,0.75
1,1756686727000000,1756687242000000,1,1.5,1,N,186,142,1,10.0,4.25,0.5,3.15,0.0,1.0,18.9,2.5,0.0,0.75
1,1756688306000000,1756688987000000,1,1.5,1,N,186,233,1,11.4,4.25,0.5,3.45,0.0,1.0,20.6,2.5,0.0,0.75
2,1756686410000000,1756686810000000,1,3.56,5,N,14,6,2,0.01,0.0,0.0,0.0,13.88,1.0,14.89,0.0,0.0,0.0
2,1756685134000000,1756685406000000,1,0.86,1,N,230,186,1,6.5,1.0,0.5,3.06,0.0,1.0,15.31,2.5,0.0,0.75
2,1756685517000000,1756685928000000,1,1.05,1,N,186,48,1,8.6,1.0,0.5,2.87,0.0,1.0,17.22,2.5,0.0,0.75
2,1756686445000000,1756687059000000,1,2.06,1,N,68,142,1,12.8,1.0,0.5,3.71,0.0,1.0,22.26,2.5,0.0,0.75
2,1756685488000000,1756686066000000,1,2.87,1,N,138,7,1,13.5,6.0,0.5,5.0,0.0,1.0,27.75,0.0,1.75,0.0
1,1756687930000000,1756689429000000,1,13.9,1,N,132,7,1,53.4,2.75,0.5,14.4,0.0,1.0,72.05,0.0,1.75,0.0
2,1756685620000000,1756686398000000,1,2.15,1,N,114,232,2,14.2,1.0,0.5,0.0,0.0,1.0,19.95,2.5,0.0,0.75
2,1756688395000000,1756688933000000,1,1.48,1,N,79,249,1,10.7,1.0,0.5,3.29,0.0,1.0,19.74,2.5,0.0,0.75
1,1756686023000000,1756686322000000,1,1.0,1,N,246,50,1,7.2,4.25,0.5,2.6,0.0,1.0,15.55,2.5,0.0,0.75
1,1756687171000000,1756688493000000,1,12.5,1,N,132,198,1,47.8,2.75,0.5,10.4,0.0,1.0,62.45,0.0,1.75,0.0
1,1756687710000000,1756688025000000,1,0.8,1,N,186,68,2,6.5,4.25,0.5,0.0,0.0,1.0,12.25,2.5,0.0,0.75
1,1756688336000000,1756689187000000,1,3.7,1,N,186,236,1,17.0,4.25,0.5,1.0,0.0,1.0,23.75,2.5,0.0,0.75
2,1756686170000000,1756687046000000,1,4.59,1,N,148,140,1,20.5,1.0,0.5,5.25,0.0,1.0,31.5,2.5,0.0,0.75
2,1756685451000000,1756686454000000,2,4.93,1,N,70,146,1,23.3,6.0,0.5,6.51,0.0,1.0,39.06,0.0,1.75,0.0
2,1756685391000000,1756685802000000,1,1.62,1,N,164,114,1,9.3,1.0,0.5,3.01,0.0,1.0,18.06,2.5,0.0,0.75
2,1756686865000000,1756687538000000,1,2.89,1,N,211,246,1,14.9,1.0,0.5,0.0,0.0,1.0,20.65,2.5,0.0,0.75
2,1756687583000000,1756687819000000,1,0.96,1,N,246,230,1,6.5,1.0,0.5,0.0,0.0,1.0,12.25,2.5,0.0,0.75
1,1756685246000000,1756685804000000,1,1.1,1,N,90,164,1,10.0,4.25,0.5,3.15,0.0,1.0,18.9,2.5,0.0,0.75
1,1756686928000000,1756688544000000,1,8.9,1,N,188,255,4,39.4,1.0,0.5,0.0,0.0,1.0,41.9,0.0,0.0,0.0
2,1756686848000000,1756687243000000,2,0.55,1,N,170,162,1,7.2,1.0,0.5,0.0,0.0,1.0,12.95,2.5,0.0,0.75
1,1756686208000000,1756686793000000,1,1.8,1,N,230,141,1,10.7,4.25,0.5,3.3,0.0,1.0,19.75,2.5,0.0,0.75
2,1756686375000000,1756686976000000,1,1.92,1,N,140,142,1,12.1,1.0,0.5,3.42,0.0,1.0,20.52,2.5,0.0,0.0
2,1756687603000000,1756688379000000,1,2.39,1,N,142,90,1,14.2,1.0,0.5,3.99,0.0,1.0,23.94,2.5,0.0,0.75
2,1756686484000000,1756687145000000,2,1.71,1,N,142,164,1,11.4,1.0,0.5,2.2,0.0,1.0,19.35,2.5,0.0,0.75
2,1756687104000000,1756687492000000,4,1.11,1,N,186,107,1,8.6,1.0,0.5,2.87,0.0,1.0,17.22,2.5,0.0,0.75
2,1756685761000000,1756686979000000,1,9.28,1,N,138,230,2,39.4,6.0,0.5,0.0,6.94,1.0,58.84,2.5,1.75,0.75
2,1756687548000000,1756687648000000,1,0.29,1,N,230,100,1,3.7,1.0,0.5,2.0,0.0,1.0,11.45,2.5,0.0,0.75
2,1756685369000000,1756686261000000,1,4.82,1,N,148,262,1,23.03,1.0,0.5,0.0,0.0,1.0,28.78,2.5,0.0,0.75
2,1756686035000000,1756686519000000,1,1.71,1,N,79,170,1,10.7,1.0,0.5,2.0,0.0,1.0,18.45,2.5,0.0,0.75
2,1756684978000000,1756685517000000,1,1.44,1,N,246,143,1,10.0,1.0,0.5,3.94,0.0,1.0,19.69,2.5,0.0,0.75
2,1756686159000000,1756686772000000,1,2.57,1,N,234,142,1,13.5,1.0,0.5,4.81,0.0,1.0,24.06,2.5,0.0,0.75
1,1756686089000000,1756686873000000,1,2.5,1,N,144,255,1,14.9,4.25,0.5,0.0,0.0,1.0,20.65,2.5,0.0,0.75
1,1756687449000000,1756688131000000,1,2.3,1,Y,79,158,1,12.8,4.25,0.5,3.7,0.0,1.0,22.25,2.5,0.0,0.75
2,1756685655000000,1756685813000000,2,0.58,1,N,170,164,1,5.1,1.0,0.5,2.17,0.0,1.0,13.02,2.5,0.0,0.75
2,1756686044000000,1756686763000000,1,3.04,1,N,170,263,1,14.9,1.0,0.5,4.13,0.0,1.0,24.78,2.5,0.0,0.75
2,1756686879000000,1756687348000000,2,1.76,1,N,141,246,1,10.7,1.0,0.5,5.0,0.0,1.0,21.45,2.5,0.0,0.75
2,1756688075000000,1756688265000000,2,0.9,1,N,246,48,1,5.8,1.0,0.5,2.31,0.0,1.0,13.86,2.5,0.0,0.75
2,1756685928000000,1756686178000000,2,0.69,1,N,79,79,1,6.5,1.0,0.5,5.0,0.0,1.0,17.25,2.5,0.0,0.75
1,1756686379000000,1756686711000000,1,2.2,1,N,164,236,1,10.7,4.25,0.5,2.0,0.0,1.0,18.45,2.5,0.0,0.75
1,1756687491000000,1756688929000000,1,6.0,1,N,186,189,1,27.5,4.25,0.5,6.65,0.0,1.0,39.9,2.5,0.0,0.75
2,1756685414000000,1756686329000000,2,3.68,1,N,68,66,2,18.4,1.0,0.5,0.0,0.0,1.0,24.15,2.5,0.0,0.75
2,1756685539000000,1756687432000000,1,18.94,2,N,132,231,1,70.0,0.0,0.5,14.95,0.0,1.0,91.45,2.5,1.75,0.75
2,1756688116000000,1756688921000000,3,2.84,1,N,87,234,1,15.6,1.0,0.5,4.27,0.0,1.0,25.62,2.5,0.0,0.75
2,1756685051000000,1756686982000000,1,18.07,2,N,132,48,1,70.0,0.0,0.5,2.0,6.94,1.0,85.44,2.5,1.75,0.75
2,1756685172000000,1756767252000000,1,18.36,2,N,132,48,1,70.0,0.0,0.5,0.0,0.0,1.0,76.5,2.5,1.75,0.75
2,1756685299000000,1756685681000000,1,1.57,1,N,229,236,1,8.6,1.0,0.5,2.87,0.0,1.0,17.22,2.5,0.0,0.75
1,1756685406000000,1756685558000000,1,0.7,1,N,144,79,1,5.1,4.25,0.5,2.15,0.0,1.0,13.0,2.5,0.0,0.75
1,1756686326000000,1756687237000000,1,4.6,1,N,249,238,1,19.1,4.25,0.5,4.95,0.0,1.0,29.8,2.5,0.0,0.75
1,1756687612000000,1756688259000000,1,2.3,1,N,239,236,1,12.8,3.5,0.5,1.0,0.0,1.0,18.8,2.5,0.0,0.0
2,1756684976000000,1756685325000000,1,0.81,1,N,186,68,1,7.9,1.0,0.5,2.73,0.0,1.0,16.38,2.5,0.0,0.75
2,1756685440000000,1756686499000000,1,4.29,1,N,68,145,1,21.2,1.0,0.5,2.0,6.94,1.0,35.89,2.5,0.0,0.75
1,1756685355000000,1756686920000000,0,18.4,2,N,132,4,1,70.0,5.0,0.5,13.77,0.0,1.0,90.27,2.5,1.75,0.75
1,1756687479000000,1756687976000000,0,3.2,1,N,107,262,1,14.2,4.25,0.5,3.95,0.0,1.0,23.9,2.5,0.0,0.75
1,1756688177000000,1756688383000000,0,0.7,1,N,263,75,2,5.8,3.5,0.5,0.0,0.0,1.0,10.8,2.5,0.0,0.0
2,1756687599000000,1756688183000000,1,2.47,1,N,163,236,1,12.8,1.0,0.5,2.78,0.0,1.0,21.33,2.5,0.0,0.75
1,1756685088000000,1756686332000000,1,2.9,1,N,100,238,1,19.8,4.25,0.5,2.0,0.0,1.0,27.55,2.5,0.0,0.75
1,1756687451000000,1756688416000000,1,2.5,1,N,186,79,1,14.9,4.25,0.5,2.0,0.0,1.0,22.65,2.5,0.0,0.75
1,1756687840000000,1756689341000000,1,7.0,1,N,87,151,1,30.3,4.25,0.5,7.2,0.0,1.0,43.25,2.5,0.0,0.75
2,1756686987000000,1756689790000000,2,17.77,1,N,132,190,1,73.7,1.0,0.5,6.0,0.0,1.0,83.95,0.0,1.75,0.0
2,1756685745000000,1756686450000000,1,2.75,1,N,148,170,1,14.2,1.0,0.5,3.99,0.0,1.0,23.94,2.5,0.0,0.75
2,1756684904000000,1756686295000000,1,8.02,1,N,138,131,1,35.9,6.0,0.5,0.0,0.0,1.0,45.15,0.0,1.75,0.0
2,1756686793000000,1756688332000000,1,9.82,1,N,138,243,1,43.6,6.0,0.5,10.57,0.0,1.0,63.42,0.0,1.75,0.0
2,1756686589000000,1756687105000000,1,1.64,1,N,107,246,1,10.7,1.0,0.5,2.0,0.0,1.0,18.45,2.5,0.0,0.75
2,1756685268000000,1756685872000000,1,2.37,1,N,162,263,1,12.1,1.0,0.5,3.57,0.0,1.0,21.42,2.5,0.0,0.75
2,1756686062000000,1756686190000000,1,0.59,1,N,263,75,2,5.1,1.0,0.5,0.0,0.0,1.0,7.6,0.0,0.0,0.0
2,1756687328000000,1756691130000000,2,18.04,2,N,132,262,1,70.0,0.0,0.5,8.0,6.94,1.0,90.69,2.5,1.75,0.0
2,1756686922000000,1756687299000000,1,1.36,1,N,263,237,2,9.3,1.0,0.5,0.0,0.0,1.0,14.3,2.5,0.0,0.0
2,1756687454000000,1756687733000000,1,1.58,1,N,79,170,1,8.6,1.0,0.5,2.87,0.0,1.0,17.22,2.5,0.0,0.75
1,1756685546000000,1756686338000000,1,2.2,1,N,100,239,1,13.5,4.25,0.5,1.5,0.0,1.0,20.75,2.5,0.0,0.75
1,1756687525000000,1756688035000000,1,2.0,1,N,249,48,1,11.4,4.25,0.5,3.45,0.0,1.0,20.6,2.5,0.0,0.75
2,1756685786000000,1756686075000000,1,0.58,1,N,113,148,1,6.5,1.0,0.5,2.45,0.0,1.0,14.7,2.5,0.0,0.75
2,1756687168000000,1756688276000000,1,2.94,1,N,7,223,1,17.7,1.0,0.5,11.11,0.0,1.0,31.31,0.0,0.0,0.0
1,1756685329000000,1756686175000000,1,3.6,1,N,144,237,1,17.0,4.25,0.5,3.0,0.0,1.0,25.75,2.5,0.0,0.75
1,1756687153000000,1756687577000000,1,1.4,1,N,161,163,2,8.6,4.25,0.5,0.0,0.0,1.0,14.35,2.5,0.0,0.75
1,1756685636000000,1756686528000000,2,3.3,1,N,100,262,1,17.0,4.25,0.5,4.5,0.0,1.0,27.25,2.5,0.0,0.75
2,1756686905000000,1756688721000000,2,18.54,2,N,132,158,1,70.0,0.0,0.5,16.34,6.94,1.0,99.78,2.5,1.75,0.75
2,1756687414000000,1756687743000000,1,0.8,1,N,163,237,1,7.2,1.0,0.5,2.59,0.0,1.0,15.54,2.5,0.0,0.75
1,1756687704000000,1756689321000000,2,9.2,1,N,132,95,2,40.8,2.75,0.5,0.0,0.0,1.0,45.05,0.0,1.75,0.0
2,1756687178000000,1756687985000000,1,2.58,1,N,113,141,1,15.6,1.0,0.5,3.0,0.0,1.0,24.35,2.5,0.0,0.75
2,1756684869000000,1756685530000000,1,2.03,1,N,79,186,1,12.8,1.0,0.5,3.71,0.0,1.0,22.26,2.5,0.0,0.75
2,1756685605000000,1756686853000000,1,6.5,1,N,186,40,1,29.6,1.0,0.5,10.57,6.94,1.0,52.86,2.5,0.0,0.75
2,1756687975000000,1756688446000000,1,1.6,1,N,144,249,1,10.0,1.0,0.5,3.15,0.0,1.0,18.9,2.5,0.0,0.75
2,1756687086000000,1756687502000000,1,1.42,1,N,170,141,2,9.3,1.0,0.5,0.0,0.0,1.0,15.05,2.5,0.0,0.75
2,1756686672000000,1756687351000000,1,2.76,1,N,114,246,1,14.2,1.0,0.5,2.0,0.0,1.0,21.95,2.5,0.0,0.75
1,1756687058000000,1756687949000000,1,9.3,1,N,138,4,2,36.6,11.0,0.5,0.0,0.0,1.0,49.1,2.5,1.75,0.75
1,1756688135000000,1756688506000000,1,0.9,1,N,79,148,1,7.2,4.25,0.5,2.6,0.0,1.0,15.55,2.5,0.0,0.75
2,1756685155000000,1756685850000000,1,4.08,1,N,138,260,1,19.1,6.0,0.5,2.0,0.0,1.0,30.35,0.0,1.75,0.0
1,1756687034000000,1756687973000000,2,6.0,1,N,114,262,1,26.8,4.25,0.5,2.0,0.0,1.0,34.55,2.5,0.0,0.75
2,1756686225000000,1756687030000000,2,4.1,1,N,68,24,1,19.1,1.0,0.5,4.97,0.0,1.0,29.82,2.5,0.0,0.75
2,1756686457000000,1756687019000000,1,2.22,1,N,249,261,1,12.1,1.0,0.5,3.57,0.0,1.0,21.42,2.5,0.0,0.75
2,1756685754000000,1756686931000000,3,8.44,4,N,132,265,1,37.3,1.0,0.5,7.96,0.0,1.0,49.51,0.0,1.75,0.0
1,1756688043000000,1756689266000000,2,15.3,1,N,132,260,1,56.9,2.75,0.5,8.0,0.0,1.0,69.15,0.0,1.75,0.0
2,1756685647000000,1756686364000000,1,2.49,1,N,161,90,2,13.5,1.0,0.5,0.0,0.0,1.0,19.25,2.5,0.0,0.75
2,1756686965000000,1756687162000000,1,0.6,1,N,234,164,1,5.8,1.0,0.5,2.31,0.0,1.0,13.86,2.5,0.0,0.75
2,1756684876000000,1756685462000000,1,5.14,1,N,132,132,1,21.2,1.0,0.5,1.0,0.0,1.0,26.45,0.0,1.75,0.0
2,1756686518000000,1756687619000000,3,4.98,1,N,140,83,1,24.0,1.0,0.5,0.0,0.0,1.0,29.75,2.5,0.0,0.75
2,1756685347000000,1756686526000000,1,3.22,1,N,186,148,1,19.1,1.0,0.5,4.97,0.0,1.0,29.82,2.5,0.0,0.75
2,1756687457000000,1756688469000000,1,5.9,1,N,224,40,2,26.1,1.0,0.5,0.0,0.0,1.0,31.85,2.5,0.0,0.75
2,1756685483000000,1756686070000000,2,1.93,1,N,48,90,2,11.4,1.0,0.5,0.0,0.0,1.0,17.15,2.5,0.0,0.75
2,1756687400000000,1756687909000000,1,2.6,1,N,48,151,1,12.8,1.0,0.5,3.71,0.0,1.0,22.26,2.5,0.0,0.75
2,1756685820000000,1756687180000000,2,6.83,1,N,238,4,1,31.7,1.0,0.5,7.49,0.0,1.0,44.94,2.5,0.0,0.75
2,1756686860000000,1756687491000000,1,3.25,1,N,164,75,1,15.6,1.0,0.5,4.27,0.0,1.0,25.62,2.5,0.0,0.75
2,1756688081000000,1756689882000000,1,10.87,1,N,132,61,1,45.7,1.0,0.5,9.64,0.0,1.0,59.59,0.0,1.75,0.0
1,1756685334000000,1756685773000000,1,1.5,1,N,142,164,2,10.0,4.25,0.5,0.0,0.0,1.0,15.75,2.5,0.0,0.75
1,1756686774000000,1756687680000000,2,3.6,1,N,186,87,1,18.4,4.25,0.5,4.8,0.0,1.0,28.95,2.5,0.0,0.75
2,1756686128000000,1756687257000000,1,9.29,1,N,148,7,1,38.0,1.0,0.5,5.0,0.0,1.0,48.75,2.5,0.0,0.75
2,1756685666000000,1756686253000000,2,2.27,1,N,107,163,1,12.8,1.0,0.5,3.71,0.0,1.0,22.26,2.5,0.0,0.75
1,1756684803000000,1756686686000000,2,9.1,1,N,186,181,1,42.2,4.25,0.5,9.55,0.0,1.0,57.5,2.5,0.0,0.75
1,1756687912000000,1756688284000000,2,1.5,1,N,144,137,1,9.3,4.25,0.5,2.0,0.0,1.0,17.05,2.5,0.0,0.75
2,1756686777000000,1756687175000000,2,1.23,1,N,68,90,1,8.6,1.0,0.5,3.0,0.0,1.0,17.35,2.5,0.0,0.75
2,1756688055000000,1756688359000000,1,0.77,1,N,113,114,1,6.5,1.0,0.5,2.45,0.0,1.0,14.7,2.5,0.0,0.75
2,1756685596000000,1756686525000000,1,3.75,1,N,138,82,1,19.8,6.0,0.5,5.46,0.0,1.0,34.51,0.0,1.75,0.0
2,1756686858000000,1756687280000000,2,0.92,1,N,82,260,2,7.9,1.0,0.5,0.0,0.0,1.0,10.4,0.0,0.0,0.0
2,1756687079000000,1756688462000000,1,11.78,1,N,238,3,1,45.7,1.0,0.5,5.0,0.0,1.0,55.7,2.5,0.0,0.0
2,1756685569000000,1756685990000000,1,1.09,1,N,48,229,1,8.6,1.0,0.5,2.87,0.0,1.0,17.22,2.5,0.0,0.75
2,1756686176000000,1756686553000000,1,1.1,1,N,229,161,1,8.6,1.0,0.5,2.0,0.0,1.0,16.35,2.5,0.0,0.75
2,1756685029000000,1756686563000000,1,9.5,1,N,138,48,1,40.1,6.0,0.5,11.91,6.94,1.0,71.45,2.5,1.75,0.75
2,1756688370000000,1756688841000000,1,1.25,1,N,164,233,1,9.3,1.0,0.5,3.01,0.0,1.0,18.06,2.5,0.0,0.75
2,1756685528000000,1756685946000000,1,3.43,1,N,132,197,2,15.6,1.0,0.5,0.0,0.0,1.0,19.85,0.0,1.75,0.0
1,1756685556000000,1756686182000000,1,2.1,1,N,114,48,1,11.4,4.25,0.5,0.0,0.0,1.0,17.15,2.5,0.0,0.75
1,1756686502000000,1756686965000000,1,0.9,1,N,186,137,1,7.9,4.25,0.5,2.75,0.0,1.0,16.4,2.5,0.0,0.75
1,1756687315000000,1756687510000000,1,0.4,1,N,164,186,4,5.1,4.25,0.5,0.0,0.0,1.0,10.85,2.5,0.0,0.75
1,1756687567000000,1756688445000000,1,2.1,1,N,186,224,1,14.2,4.25,0.5,4.0,0.0,1.0,23.95,2.5,0.0,0.75
1,1756686143000000,1756687403000000,2,4.3,1,N,140,249,1,20.5,4.25,0.5,5.25,0.0,1.0,31.5,2.5,0.0,0.75
1,1756687512000000,1756688290000000,1,2.5,1,N,249,162,1,14.2,4.25,0.5,4.0,0.0,1.0,23.95,2.5,0.0,0.75
2,1756684970000000,1756686041000000,1,5.1,1,N,234,166,1,24.0,1.0,0.5,3.0,0.0,1.0,32.75,2.5,0.0,0.75
2,1756685958000000,1756686316000000,1,2.1,1,N,237,107,1,10.0,1.0,0.5,3.15,0.0,1.0,18.9,2.5,0.0,0.75
2,1756686527000000,1756686823000000,2,1.05,1,N,107,79,1,7.2,1.0,0.5,3.24,0.0,1.0,16.19,2.5,0.0,0.75
2,1756687464000000,1756688212000000,1,2.36,1,N,79,13,1,14.9,1.0,0.5,5.16,0.0,1.0,25.81,2.5,0.0,0.75
2,1756685228000000,1756686440000000,1,9.94,1,N,138,232,1,40.1,6.0,0.5,10.52,0.0,1.0,63.12,2.5,1.75,0.75
2,1756686838000000,1756687610000000,1,2.0,1,N,148,249,1,13.5,1.0,0.5,0.0,0.0,1.0,19.25,2.5,0.0,0.75
2,1756687776000000,1756687980000000,1,0.66,1,N,90,158,1,5.8,1.0,0.5,2.31,0.0,1.0,13.86,2.5,0.0,0.75
2,1756684803000000,1756685131000000,1,0.99,1,N,148,79,1,7.9,1.0,0.5,2.73,0.0,1.0,16.38,2.5,0.0,0.75
2,1756688065000000,1756688334000000,1,1.14,1,N,246,48,1,7.2,1.0,0.5,4.0,0.0,1.0,16.95,2.5,0.0,0.75
1,1756686335000000,1756686467000000,1,0.3,1,N,113,79,1,4.4,4.25,0.5,1.0,0.0,1.0,11.15,2.5,0.0,0.75
1,1756686523000000,1756687406000000,1,2.5,1,N,79,68,1,14.9,4.25,0.5,2.0,0.0,1.0,22.65,2.5,0.0,0.75
1,1756688113000000,1756688602000000,1,1.3,1,N,100,186,1,9.3,4.25,0.5,4.5,0.0,1.0,19.55,2.5,0.0,0.75
2,1756685623000000,1756686066000000,1,1.9,1,N,162,141,1,10.0,1.0,0.5,3.15,0.0,1.0,18.9,2.5,0.0,0.75
2,1756686850000000,1756687233000000,1,1.09,1,N,170,163,2,8.6,1.0,0.5,0.0,0.0,1.0,14.35,2.5,0.0,0.75
2,1756687938000000,1756688181000000,1,0.87,1,N,100,50,1,6.5,1.0,0.5,1.0,0.0,1.0,13.25,2.5,0.0,0.75
2,1756685455000000,1756685607000000,1,0.77,1,N,211,231,2,5.1,1.0,0.5,0.0,0.0,1.0,10.85,2.5,0.0,0.75
2,1756685207000000,1756686244000000,1,3.66,1,N,186,112,1,19.8,1.0,0.5,6.5,6.94,1.0,38.99,2.5,0.0,0.75
2,1756687990000000,1756689046000000,1,8.81,1,N,138,161,1,35.2,6.0,0.5,10.58,6.94,1.0,65.22,2.5,1.75,0.75
2,1756685692000000,1756687553000000,1,7.42,1,N,50,255,1,35.2,1.0,0.5,8.19,0.0,1.0,49.14,2.5,0.0,0.75
2,1756686468000000,1756688230000000,1,18.09,2,N,132,249,1,70.0,0.0,0.5,16.34,6.94,1.0,99.78,2.5,1.75,0.75
1,1756687335000000,1756688108000000,1,2.2,1,N,100,79,2,13.5,4.25,0.5,0.0,0.0,1.0,19.25,2.5,0.0,0.75
1,1756685730000000,1756686090000000,1,1.1,1,N,17,61,2,7.9,1.0,0.5,0.0,0.0,1.0,10.4,0.0,0.0,0.0
2,1756685148000000,1756685762000000,1,1.94,1,N,161,68,1,12.1,1.0,0.5,3.57,0.0,1.0,21.42,2.5,0.0,0.75
2,1756686277000000,1756686721000000,1,1.98,1,N,68,142,1,10.7,1.0,0.5,3.29,0.0,1.0,19.74,2.5,0.0,0.75
2,1756687361000000,1756688537000000,1,4.12,1,N,230,7,1,21.9,1.0,0.5,4.0,0.0,1.0,31.65,2.5,0.0,0.75
2,1756686202000000,1756686454000000,1,0.88,1,N,164,107,1,6.5,1.0,0.5,1.84,0.0,1.0,14.09,2.5,0.0,0.75
2,1756686893000000,1756687411000000,1,1.02,1,N,249,162,1,9.3,1.0,0.5,3.01,0.0,1.0,18.06,2.5,0.0,0.75
2,1756687440000000,1756687649000000,2,0.89,1,N,186,170,2,6.5,1.0,0.5,0.0,0.0,1.0,12.25,2.5,0.0,0.75
2,1756687846000000,1756688934000000,1,4.65,1,N,162,166,1,22.6,1.0,0.5,5.67,0.0,1.0,34.02,2.5,0.0,0.75
2,1756685261000000,1756685841000000,1,1.53,1,N,68,162,2,10.7,1.0,0.5,0.0,0.0,1.0,16.45,2.5,0.0,0.75
2,1756686694000000,1756686833000000,1,0.57,1,N,236,75,2,5.1,1.0,0.5,0.0,0.0,1.0,10.1,2.5,0.0,0.0
2,1756687347000000,1756688948000000,1,17.26,1,N,132,256,1,65.3,1.0,0.5,13.56,0.0,1.0,83.11,0.0,1.75,0.0
2,1756685880000000,1756685958000000,1,0.66,1,N,263,75,2,5.1,1.0,0.5,0.0,0.0,1.0,10.1,2.5,0.0,0.0
1,1756688219000000,1756691246000000,1,6.4,1,N,138,74,1,50.6,7.75,0.5,2.0,6.94,1.0,68.79,0.0,1.75,0.0
1,1756685656000000,1756685864000000,2,1.1,1,N,162,234,1,6.5,4.25,0.5,1.5,0.0,1.0,13.75,2.5,0.0,0.75
1,1756688192000000,1756688617000000,2,1.4,1,N,164,48,1,10.0,4.25,0.5,3.15,0.0,1.0,18.9,2.5,0.0,0.75
2,1756685982000000,1756686841000000,1,3.02,1,N,162,79,1,17.0,1.0,0.5,4.55,0.0,1.0,27.3,2.5,0.0,0.75
2,1756687823000000,1756688654000000,1,5.34,1,N,79,74,1,21.9,1.0,0.5,5.53,0.0,1.0,33.18,2.5,0.0,0.75
1,1756686885000000,1756687163000000,1,1.8,1,N,137,140,1,9.3,4.25,0.5,3.0,0.0,1.0,18.05,2.5,0.0,0.75
1,1756687335000000,1756687619000000,2,1.8,1,N,141,74,2,9.3,3.5,0.5,0.0,0.0,1.0,14.3,2.5,0.0,0.0
2,1756687044000000,1756688090000000,4,3.7,1,N,186,263,1,19.8,1.0,0.5,5.11,0.0,1.0,30.66,2.5,0.0,0.75
2,1756685673000000,1756687094000000,1,8.49,1,N,138,263,1,35.9,6.0,0.5,5.0,0.0,1.0,52.65,2.5,1.75,0.0
2,1756687399000000,1756687953000000,1,1.95,1,N,230,239,1,12.1,1.0,0.5,3.57,0.0,1.0,21.42,2.5,0.0,0.75
2,1756688243000000,1756688318000000,1,0.42,1,N,239,238,1,4.4,1.0,0.5,1.88,0.0,1.0,11.28,2.5,0.0,0.0
2,1756685478000000,1756686327000000,1,2.63,1,N,249,170,1,15.6,1.0,0.5,4.27,0.0,1.0,25.62,2.5,0.0,0.75
2,1756686211000000,1756687649000000,1,5.0,1,N,234,179,1,26.1,1.0,0.5,6.37,0.0,1.0,38.22,2.5,0.0,0.75
2,1756687376000000,1756687502000000,1,0.39,1,N,114,249,1,4.4,1.0,0.5,1.02,0.0,1.0,11.17,2.5,0.0,0.75
2,1756687914000000,1756688564000000,1,2.53,1,N,90,4,1,13.5,1.0,0.5,0.0,0.0,1.0,19.25,2.5,0.0,0.75
2,1756685925000000,1756686718000000,2,2.87,1,N,186,141,1,15.6,1.0,0.5,4.27,0.0,1.0,25.62,2.5,0.0,0.75
2,1756686844000000,1756686990000000,1,0.65,1,N,162,170,1,5.1,1.0,0.5,1.88,0.0,1.0,12.73,2.5,0.0,0.75
2,1756686768000000,1756687064000000,1,1.26,1,N,141,236,1,7.2,1.0,0.5,2.44,0.0,1.0,14.64,2.5,0.0,0.0
2,1756688023000000,1756689621000000,1,15.73,1,N,132,255,1,59.7,1.0,0.5,2.0,0.0,1.0,65.95,0.0,1.75,0.0
2,1756685816000000,1756687055000000,2,4.26,1,N,48,75,2,23.3,1.0,0.5,0.0,0.0,1.0,29.05,2.5,0.0,0.75
1,1756687766000000,1756688155000000,1,0.9,1,N,211,144,1,7.2,4.25,0.5,2.6,0.0,1.0,15.55,2.5,0.0,0.75
1,1756688365000000,1756688939000000,1,1.8,1,N,144,186,1,11.4,4.25,0.5,3.45,0.0,1.0,20.6,2.5,0.0,0.75
2,1756686252000000,1756687360000000,2,9.73,1,N,138,234,1,38.7,6.0,0.5,6.98,6.94,1.0,65.12,2.5,1.75,0.75
2,1756687568000000,1756688760000000,1,3.12,1,N,234,141,1,20.5,1.0,0.5,5.25,0.0,1.0,31.5,2.5,0.0,0.75
2,1756685765000000,1756686018000000,2,0.86,1,N,231,114,1,6.5,1.0,0.5,2.45,0.0,1.0,14.7,2.5,0.0,0.75
2,1756686441000000,1756687913000000,1,8.54,1,N,79,42,2,38.0,1.0,0.5,0.0,0.0,1.0,43.75,2.5,0.0,0.75
2,1756686030000000,1756686984000000,2,3.02,1,N,114,163,2,17.0,1.0,0.5,0.0,0.0,1.0,22.75,2.5,0.0,0.75
2,1756688164000000,1756689592000000,2,16.16,2,N,132,162,1,70.0,0.0,0.5,24.51,6.94,1.0,107.95,2.5,1.75,0.75
2,1756684871000000,1756685792000000,3,7.42,1,N,48,244,1,31.0,1.0,0.5,7.35,0.0,1.0,44.1,2.5,0.0,0.75
2,1756686653000000,1756686931000000,3,1.17,1,N,48,68,1,7.2,1.0,0.5,3.24,0.0,1.0,16.19,2.5,0.0,0.75
2,1756687052000000,1756688645000000,2,9.19,1,N,68,228,1,39.4,1.0,0.5,12.0,6.94,1.0,64.09,2.5,0.0,0.75
2,1756687622000000,1756690982000000,2,18.96,2,N,132,262,1,70.0,0.0,0.5,4.13,6.94,1.0,86.82,2.5,1.75,0.0
2,1756684946000000,1756686605000000,1,11.62,1,N,138,181,1,48.5,6.0,0.5,11.55,0.0,1.0,69.3,0.0,1.75,0.0
2,1756685145000000,1756686434000000,1,7.93,1,N,138,236,1,34.5,6.0,0.5,10.29,6.94,1.0,63.48,2.5,1.75,0.0
1,1756688258000000,1756689449000000,1,4.6,1,N,79,225,1,22.6,4.25,0.5,5.65,0.0,1.0,34.0,2.5,0.0,0.75
2,1756685658000000,1756685859000000,1,0.83,1,N,249,125,1,5.8,1.0,0.5,0.0,0.0,1.0,11.55,2.5,0.0,0.75
2,1756686375000000,1756686598000000,1,1.0,1,N,249,186,1,6.5,1.0,0.5,2.45,0.0,1.0,14.7,2.5,0.0,0.75
2,1756686846000000,1756687606000000,1,1.69,1,N,186,162,1,12.8,1.0,0.5,5.0,0.0,1.0,23.55,2.5,0.0,0.75
2,1756687710000000,1756688683000000,1,4.11,1,N,162,148,1,21.9,1.0,0.5,5.53,0.0,1.0,33.18,2.5,0.0,0.75
2,1756687375000000,1756687698000000,2,0.95,1,N,237,161,1,7.9,1.0,0.5,0.0,0.0,1.0,13.65,2.5,0.0,0.75
2,1756684935000000,1756685924000000,2,3.28,1,N,79,48,1,18.4,1.0,0.5,4.83,0.0,1.0,28.98,2.5,0.0,0.75
2,1756686001000000,1756686465000000,2,1.58,1,N,48,239,1,10.0,1.0,0.5,3.94,0.0,1.0,19.69,2.5,0.0,0.75
2,1756687879000000,1756688448000000,1,1.73,1,N,114,87,1,11.4,1.0,0.5,1.0,0.0,1.0,18.15,2.5,0.0,0.75
2,1756686953000000,1756687773000000,1,1.65,1,N,229,48,1,12.8,1.0,0.5,3.71,0.0,1.0,22.26,2.5,0.0,0.75
2,1756686515000000,1756687073000000,1,1.83,1,N,100,107,1,11.4,1.0,0.5,3.43,0.0,1.0,20.58,2.5,0.0,0.75
2,1756685147000000,1756685550000000,2,1.0,1,N,237,48,1,8.6,1.0,0.5,2.87,0.0,1.0,17.22,2.5,0.0,0.75
2,1756686568000000,1756687491000000,2,3.01,1,N,186,144,1,17.0,1.0,0.5,5.69,0.0,1.0,28.44,2.5,0.0,0.75
2,1756684978000000,1756686506000000,1,10.23,1,N,138,61,1,42.9,6.0,0.5,9.39,0.0,1.0,61.54,0.0,1.75,0.0
2,1756686663000000,1756686863000000,1,1.0,1,N,164,90,1,6.5,1.0,0.5,5.0,0.0,1.0,17.25,2.5,0.0,0.75
2,1756685662000000,1756687583000000,1,8.36,1,N,68,181,1,40.1,1.0,0.5,5.0,6.94,1.0,57.79,2.5,0.0,0.75
1,1756685438000000,1756685676000000,1,1.0,1,N,170,237,1,6.5,4.25,0.5,2.45,0.0,1.0,14.7,2.5,0.0,0.75
1,1756685931000000,1756686135000000,1,0.9,1,N,237,263,1,5.8,3.5,0.5,2.15,0.0,1.0,12.95,2.5,0.0,0.0
2,1756686303000000,1756688453000000,1,25.24,1,N,132,227,2,94.0,1.0,0.5,0.0,0.0,1.0,98.25,0.0,1.75,0.0
2,1756687393000000,1756688738000000,1,5.08,1,N,239,79,1,26.1,1.0,0.5,7.96,0.0,1.0,39.81,2.5,0.0,0.75
2,1756685213000000,1756685651000000,1,1.36,1,N,79,211,1,10.0,1.0,0.5,2.36,0.0,1.0,18.11,2.5,0.0,0.75
2,1756686285000000,1756686801000000,2,1.89,1,N,114,246,1,11.4,1.0,0.5,3.43,0.0,1.0,20.58,2.5,0.0,0.75
2,1756687521000000,1756688482000000,1,4.01,1,N,186,112,1,20.5,1.0,0.5,6.64,6.94,1.0,39.83,2.5,0.0,0.75
2,1756685643000000,1756686900000000,1,9.46,1,N,138,239,1,38.7,6.0,0.5,11.13,6.94,1.0,68.52,2.5,1.75,0.0
2,1756686242000000,1756686493000000,1,0.69,1,N,142,48,1,6.5,1.0,0.5,4.0,0.0,1.0,16.25,2.5,0.0,0.75
2,1756686712000000,1756687050000000,1,1.35,1,N,48,239,1,8.6,1.0,0.5,2.87,0.0,1.0,17.22,2.5,0.0,0.75
2,1756686037000000,1756686471000000,2,0.88,1,N,255,256,1,8.6,1.0,0.5,2.22,0.0,1.0,13.32,0.0,0.0,0.0
2,1756686505000000,1756686988000000,1,1.99,1,N,114,68,1,10.7,1.0,0.5,4.11,0.0,1.0,20.56,2.5,0.0,0.75
2,1756688033000000,1756689053000000,1,4.19,1,N,158,141,1,19.8,1.0,0.5,5.11,0.0,1.0,30.66,2.5,0.0,0.75
2,1756686240000000,1756687398000000,1,10.11,1,N,138,79,1,40.1,6.0,0.5,12.71,0.0,1.0,65.31,2.5,1.75,0.75
2,1756685446000000,1756686383000000,1,7.07,1,N,88,141,1,29.6,1.0,0.5,3.54,0.0,1.0,38.89,2.5,0.0,0.75
2,1756685526000000,1756686470000000,1,3.73,1,N,164,112,1,19.8,1.0,0.5,8.12,6.94,1.0,40.61,2.5,0.0,0.75
2,1756685830000000,1756686835000000,1,10.85,1,N,138,33,1,41.5,6.0,0.5,9.8,0.0,1.0,60.55,0.0,1.75,0.0
2,1756685385000000,1756685744000000,5,0.82,1,N,170,164,1,7.9,1.0,0.5,2.73,0.0,1.0,16.38,2.5,0.0,0.75
2,1756686012000000,1756686523000000,5,1.61,1,N,186,158,1,10.7,1.0,0.5,3.29,0.0,1.0,19.74,2.5,0.0,0.75
2,1756687465000000,1756688333000000,3,4.68,1,N,186,88,1,21.2,1.0,0.5,2.0,0.0,1.0,28.95,2.5,0.0,0.75
2,1756686585000000,1756687837000000,1,6.36,1,N,79,166,1,27.5,1.0,0.5,3.0,0.0,1.0,36.25,2.5,0.0,0.75
2,1756685873000000,1756686907000000,1,5.6,1,N,249,151,1,25.4,1.0,0.5,6.23,0.0,1.0,37.38,2.5,0.0,0.75
2,1756687224000000,1756687240000000,1,0.07,1,N,166,24,2,-3.0,-1.0,-0.5,0.0,0.0,-1.0,-5.5,0.0,0.0,0.0
2,1756687224000000,1756687240000000,1,0.07,1,N,166,24,2,3.0,1.0,0.5,0.0,0.0,1.0,5.5,0.0,0.0,0.0
1,1756685701000000,1756686073000000,1,1.1,1,N,211,125,1,7.9,4.25,0.5,2.75,0.0,1.0,16.4,2.5,0.0,0.75
2,1756685153000000,1756686336000000,1,3.96,1,N,186,146,1,21.9,1.0,0.5,2.76,0.0,1.0,30.41,2.5,0.0,0.75
2,1756685188000000,1756686102000000,1,3.74,1,N,186,145,1,19.1,1.0,0.5,1.0,0.0,1.0,25.85,2.5,0.0,0.75
2,1756687839000000,1756688175000000,4,1.16,1,N,186,230,1,7.9,1.0,0.5,4.09,0.0,1.0,17.74,2.5,0.0,0.75
2,1756686698000000,1756687437000000,1,1.78,1,N,48,137,1,12.8,1.0,0.5,4.64,0.0,1.0,23.19,2.5,0.0,0.75
2,1756688126000000,1756689153000000,1,5.17,1,N,163,152,1,24.7,1.0,0.5,6.09,0.0,1.0,36.54,2.5,0.0,0.75
1,1756685347000000,1756685776000000,1,2.0,1,N,233,145,1,10.0,4.25,0.5,4.55,6.94,1.0,27.24,2.5,0.0,0.75
1,1756686307000000,1756687330000000,1,4.9,1,N,112,97,1,23.3,1.0,0.5,5.0,0.0,1.0,30.8,0.0,0.0,0.0
2,1756687478000000,1756688701000000,1,4.95,1,N,114,61,1,24.7,1.0,0.5,7.61,0.0,1.0,38.06,2.5,0.0,0.75
2,1756687850000000,1756688537000000,1,0.0,1,N,107,87,1,10.7,1.0,0.5,3.29,0.0,1.0,19.74,2.5,0.0,0.75
2,1756686500000000,1756687154000000,1,2.48,1,N,186,142,1,13.5,1.0,0.5,3.85,0.0,1.0,23.1,2.5,0.0,0.75
2,1756688292000000,1756689184000000,1,3.79,1,N,186,24,1,19.1,1.0,0.5,4.97,0.0,1.0,29.82,2.5,0.0,0.75
1,1756685045000000,1756685721000000,1,1.6,1,N,137,234,1,11.4,4.25,0.5,1.0,0.0,1.0,18.15,2.5,0.0,0.75
1,1756686222000000,1756687682000000,1,4.1,1,N,186,262,1,23.3,4.25,0.5,2.0,0.0,1.0,31.05,2.5,0.0,0.75
2,1756685849000000,1756686369000000,1,1.38,1,N,148,87,1,10.0,1.0,0.5,2.0,0.0,1.0,17.75,2.5,0.0,0.75
2,1756686240000000,1756686600000000,2,1.18,1,N,107,90,1,8.6,1.0,0.5,2.87,0.0,1.0,17.22,2.5,0.0,0.75
2,1756686923000000,1756687377000000,2,0.92,1,N,249,148,1,8.6,1.0,0.5,2.87,0.0,1.0,17.22,2.5,0.0,0.75
2,1756688016000000,1756688180000000,1,0.43,1,N,79,79,1,5.1,1.0,0.5,1.0,0.0,1.0,11.85,2.5,0.0,0.75
1,1756684911000000,1756686079000000,1,11.5,1,N,138,107,1,43.6,11.0,0.5,15.75,6.94,1.0,78.79,2.5,1.75,0.75
2,1756687018000000,1756688139000000,2,10.17,1,N,132,265,1,40.1,1.0,0.5,5.0,0.0,1.0,50.1,0.0,1.75,0.75
1,1756685240000000,1756686276000000,1,3.5,1,N,163,152,1,18.4,4.25,0.5,4.85,0.0,1.0,29.0,2.5,0.0,0.75
2,1756685507000000,1756686228000000,1,3.13,1,N,164,142,1,15.6,1.0,0.5,0.0,0.0,1.0,21.35,2.5,0.0,0.75
2,1756684985000000,1756686114000000,2,5.29,1,N,249,24,1,24.7,1.0,0.5,6.09,0.0,1.0,36.54,2.5,0.0,0.75
2,1756685542000000,1756686117000000,1,2.18,1,N,100,113,1,12.1,1.0,0.5,2.0,0.0,1.0,19.85,2.5,0.0,0.75
2,1756686410000000,1756686809000000,4,1.27,1,N,114,45,2,8.6,1.0,0.5,0.0,0.0,1.0,14.35,2.5,0.0,0.75
2,1756687997000000,1756688608000000,1,1.44,1,N,148,113,1,11.4,1.0,0.5,0.0,0.0,1.0,17.15,2.5,0.0,0.75
2,1756686037000000,1756686472000000,4,1.9,1,N,162,234,1,10.7,1.0,0.5,1.64,0.0,1.0,18.09,2.5,0.0,0.75
2,1756685260000000,1756687141000000,1,17.82,1,N,93,91,2,68.8,1.0,0.5,0.0,0.0,1.0,71.3,0.0,0.0,0.0
1,1756686315000000,1756690585000000,1,16.7,99,N,86,151,1,66.5,0.0,0.5,0.0,6.94,0.0,73.94,0.0,0.0,0.0
2,1756687421000000,1756690778000000,1,19.05,2,N,132,236,1,70.0,0.0,0.5,16.19,6.94,1.0,98.88,2.5,1.75,0.0
7,1756685396000000,1756685396000000,2,1.44,1,N,158,186,1,9.3,0.0,0.5,0.0,0.0,1.0,15.05,2.5,0.0,0.75
7,1756686382000000,1756686382000000,2,1.05,1,N,234,114,1,7.9,0.0,0.5,2.73,0.0,1.0,16.38,2.5,0.0,0.75
7,1756688054000000,1756688054000000,1,4.59,1,N,114,181,1,26.1,0.0,0.5,2.0,0.0,1.0,33.85,2.5,0.0,0.75
2,1756685825000000,1756686012000000,1,0.6,1,N,113,114,1,5.8,1.0,0.5,2.31,0.0,1.0,13.86,2.5,0.0,0.75
2,1756686082000000,1756686456000000,1,1.69,1,N,114,164,1,10.0,1.0,0.5,2.0,0.0,1.0,17.75,2.5,0.0,0.75
2,1756686663000000,1756686997000000,1,1.12,1,N,234,79,1,8.6,1.0,0.5,2.87,0.0,1.0,17.22,2.5,0.0,0.75
2,1756687067000000,1756687133000000,1,0.02,1,N,79,107,2,3.7,1.0,0.5,0.0,0.0,1.0,9.45,2.5,0.0,0.75
2,1756687540000000,1756687893000000,1,1.02,1,N,107,114,1,8.6,1.0,0.5,2.87,0.0,1.0,17.22,2.5,0.0,0.75
2,1756687985000000,1756688289000000,1,1.02,1,N,114,125,1,7.2,1.0,0.5,2.0,0.0,1.0,14.95,2.5,0.0,0.75
2,1756686691000000,1756687572000000,2,3.0,1,N,164,262,1,17.7,1.0,0.5,3.0,0.0,1.0,26.45,2.5,0.0,0.75
1,1756684810000000,1756685296000000,1,1.6,1,N,249,186,1,10.7,4.25,0.5,4.1,0.0,1.0,20.55,2.5,0.0,0.75
1,1756685374000000,1756686154000000,1,2.6,1,N,186,4,1,13.5,4.25,0.5,3.85,0.0,1.0,23.1,2.5,0.0,0.75
1,1756685502000000,1756686092000000,1,1.6,1,N,246,48,1,11.4,4.25,0.5,1.0,0.0,1.0,18.15,2.5,0.0,0.75
1,1756686250000000,1756686536000000,2,1.7,1,N,48,90,1,8.6,4.25,0.5,1.0,0.0,1.0,15.35,2.5,0.0,0.75
1,1756687678000000,1756688102000000,2,1.5,1,N,246,48,1,9.3,4.25,0.5,4.5,0.0,1.0,19.55,2.5,0.0,0.75
1,1756685558000000,1756686002000000,3,1.6,1,N,90,230,2,9.3,4.25,0.5,0.0,0.0,1.0,15.05,2.5,0.0,0.75
1,1756686537000000,1756687754000000,1,7.3,1,N,186,129,1,31.0,4.25,0.5,5.0,6.94,1.0,48.69,2.5,0.0,0.75
2,1756684816000000,1756685456000000,1,1.67,1,N,249,231,1,10.7,1.0,0.5,2.0,0.0,1.0,18.45,2.5,0.0,0.75
2,1756685786000000,1756686169000000,2,0.92,1,N,211,79,1,7.9,1.0,0.5,3.41,0.0,1.0,17.06,2.5,0.0,0.75
2,1756685036000000,1756686436000000,3,4.2,1,N,75,42,1,24.0,1.0,0.5,5.3,0.0,1.0,31.8,0.0,0.0,0.0
2,1756685225000000,1756685739000000,3,1.28,1,N,148,125,1,10.0,1.0,0.5,3.15,0.0,1.0,18.9,2.5,0.0,0.75
2,1756686978000000,1756687522000000,1,1.48,1,N,144,249,2,9.3,1.0,0.5,0.0,0.0,1.0,15.05,2.5,0.0,0.75
2,1756684942000000,1756686041000000,1,3.7,1,N,181,13,1,21.9,1.0,0.5,2.0,0.0,1.0,29.65,2.5,0.0,0.75
2,1756687981000000,1756688453000000,2,2.28,1,N,162,236,1,12.1,1.0,0.5,3.57,0.0,1.0,21.42,2.5,0.0,0.75
2,1756686487000000,1756687139000000,1,1.64,1,N,186,233,1,12.1,1.0,0.5,3.0,0.0,1.0,20.85,2.5,0.0,0.75
2,1756687034000000,1756687564000000,2,2.91,1,N,48,125,4,-13.5,-1.0,-0.5,0.0,0.0,-1.0,-19.25,-2.5,0.0,-0.75
2,1756687034000000,1756687564000000,2,2.91,1,N,48,125,4,13.5,1.0,0.5,0.0,0.0,1.0,19.25,2.5,0.0,0.75
2,1756687454000000,1756689175000000,1,6.34,1,N,249,263,1,33.8,1.0,0.5,7.91,0.0,1.0,47.46,2.5,0.0,0.75
1,1756687427000000,1756687700000000,1,0.0,1,N,113,249,1,5.8,4.25,0.5,2.0,0.0,1.0,13.55,2.5,0.0,0.75
1,1756687828000000,1756689433000000,0,0.0,1,N,249,189,1,21.2,4.25,0.5,5.35,0.0,1.0,32.3,2.5,0.0,0.75
1,1756686397000000,1756687053000000,1,2.3,1,N,100,239,1,12.8,4.25,0.5,3.7,0.0,1.0,22.25,2.5,0.0,0.75
2,1756686498000000,1756689826000000,2,17.65,2,N,132,75,1,70.0,0.0,0.5,2.0,6.94,1.0,82.19,0.0,1.75,0.0
2,1756685313000000,1756685446000000,1,0.37,1,N,48,48,1,4.4,1.0,0.5,2.54,0.0,1.0,12.69,2.5,0.0,0.75
2,1756685080000000,1756685788000000,4,1.57,1,N,45,249,1,12.1,1.0,0.5,3.57,0.0,1.0,21.42,2.5,0.0,0.75
2,1756685849000000,1756686587000000,1,2.59,1,N,249,170,1,14.2,1.0,0.5,3.99,0.0,1.0,23.94,2.5,0.0,0.75
2,1756688250000000,1756689917000000,2,7.05,1,N,186,65,1,35.2,1.0,0.5,5.0,0.0,1.0,45.95,2.5,0.0,0.75
1,1756685737000000,1756687105000000,1,5.9,1,N,246,42,1,27.5,4.25,0.5,8.3,0.0,1.0,41.55,2.5,0.0,0.75
2,1756687520000000,1756690281000000,1,12.76,1,N,132,17,2,57.6,1.0,0.5,0.0,0.0,1.0,61.85,0.0,1.75,0.0
2,1756685588000000,1756686023000000,1,1.92,1,N,229,263,1,9.3,1.0,0.5,2.26,0.0,1.0,17.31,2.5,0.0,0.75
1,1756686412000000,1756686424000000,1,0.0,1,N,132,132,4,3.0,2.75,0.5,0.0,0.0,1.0,7.25,0.0,1.75,0.0
1,1756686448000000,1756690157000000,1,19.9,2,N,132,243,1,70.0,1.75,0.5,0.0,6.94,1.0,80.19,0.0,1.75,0.0
1,1756685483000000,1756686147000000,1,1.4,1,N,246,48,2,11.4,4.25,0.5,0.0,0.0,1.0,17.15,2.5,0.0,0.75
1,1756686794000000,1756687185000000,2,0.9,1,N,246,234,1,7.9,4.25,0.5,0.0,0.0,1.0,13.65,2.5,0.0,0.75
1,1756687861000000,1756688257000000,1,1.3,1,N,246,158,1,8.6,4.25,0.5,0.72,0.0,1.0,15.07,2.5,0.0,0.75
2,1756686930000000,1756687223000000,1,0.88,1,N,79,114,1,7.2,1.0,0.5,2.59,0.0,1.0,15.54,2.5,0.0,0.75
2,1756687620000000,1756688470000000,1,4.14,1,N,79,142,1,19.1,1.0,0.5,4.97,0.0,1.0,29.82,2.5,0.0,0.75
2,1756688267000000,1756689991000000,1,9.12,1,N,100,17,1,41.5,1.0,0.5,10.84,6.94,1.0,65.03,2.5,0.0,0.75
2,1756685110000000,1756685507000000,1,1.26,1,N,239,142,1,9.3,1.0,0.5,3.01,0.0,1.0,18.06,2.5,0.0,0.75
2,1756685868000000,1756686786000000,1,3.47,1,N,163,7,1,18.4,1.0,0.5,3.62,0.0,1.0,27.77,2.5,0.0,0.75
2,1756686584000000,1756688172000000,1,11.98,1,N,138,246,1,49.2,6.0,0.5,13.38,6.94,1.0,82.02,2.5,1.75,0.75
2,1756688342000000,1756688645000000,1,1.33,1,N,48,230,1,8.6,1.0,0.5,2.0,0.0,1.0,16.35,2.5,0.0,0.75
2,1756685048000000,1756686010000000,1,4.11,1,N,186,262,1,20.5,1.0,0.5,5.25,0.0,1.0,31.5,2.5,0.0,0.75
2,1756687267000000,1756688370000000,1,3.26,1,N,186,148,1,19.8,1.0,0.5,5.11,0.0,1.0,30.66,2.5,0.0,0.75
7,1756686002000000,1756686002000000,1,4.34,1,N,48,87,1,20.5,0.0,0.5,7.88,0.0,1.0,34.13,2.5,0.0,0.75
7,1756687576000000,1756687576000000,1,1.24,1,N,231,148,1,9.3,0.0,0.5,3.01,0.0,1.0,18.06,2.5,0.0,0.75
2,1756687542000000,1756688217000000,1,5.0,1,N,209,141,1,21.9,1.0,0.5,5.38,0.0,1.0,32.28,2.5,0.0,0.0
1,1756685741000000,1756686668000000,2,3.2,1,N,234,142,1,16.3,4.25,0.5,5.5,0.0,1.0,27.55,2.5,0.0,0.75
1,1756687086000000,1756687612000000,2,1.8,1,N,142,236,1,10.7,3.5,0.5,3.15,0.0,1.0,18.85,2.5,0.0,0.0
1,1756685288000000,1756685618000000,1,0.9,1,N,236,239,1,7.2,3.5,0.5,2.45,0.0,1.0,14.65,2.5,0.0,0.0
1,1756685835000000,1756687021000000,1,3.8,1,N,239,234,1,19.8,4.25,0.5,7.65,0.0,1.0,33.2,2.5,0.0,0.75
2,1756685908000000,1756688081000000,1,30.24,4,N,138,265,1,171.0,6.0,0.5,35.7,0.0,1.0,215.95,0.0,1.75,0.0
2,1756684921000000,1756685534000000,1,2.01,1,N,164,48,1,12.1,1.0,0.5,1.5,0.0,1.0,19.35,2.5,0.0,0.75
2,1756686104000000,1756686410000000,4,0.9,1,N,163,229,1,6.5,1.0,0.5,2.45,0.0,1.0,14.7,2.5,0.0,0.75
2,1756685602000000,1756685797000000,2,0.65,1,N,50,246,1,5.8,1.0,0.5,1.0,0.0,1.0,12.55,2.5,0.0,0.75
2,1756685996000000,1756686269000000,2,0.52,1,N,246,48,1,6.5,1.0,0.5,2.45,0.0,1.0,14.7,2.5,0.0,0.75
2,1756686339000000,1756686759000000,2,0.76,1,N,48,170,1,7.9,1.0,0.5,2.73,0.0,1.0,16.38,2.5,0.0,0.75
2,1756687849000000,1756688340000000,1,1.71,1,N,186,230,1,10.7,1.0,0.5,4.11,0.0,1.0,20.56,2.5,0.0,0.75
1,1756685679000000,1756686377000000,1,2.2,1,N,68,48,1,13.5,4.25,0.5,1.93,0.0,1.0,21.18,2.5,0.0,0.75
1,1756687025000000,1756687982000000,1,2.9,1,N,246,229,1,17.0,4.25,0.5,4.5,0.0,1.0,27.25,2.5,0.0,0.75
2,1756684873000000,1756685574000000,4,1.84,1,N,170,249,1,12.8,1.0,0.5,0.0,0.0,1.0,18.55,2.5,0.0,0.75
2,1756685716000000,1756686207000000,1,1.01,1,N,249,79,1,8.6,1.0,0.5,2.87,0.0,1.0,17.22,2.5,0.0,0.75
2,1756685907000000,1756687169000000,2,8.89,1,N,138,239,1,35.9,6.0,0.5,8.0,6.94,1.0,62.59,2.5,1.75,0.0
1,1756685621000000,1756686495000000,2,1.6,1,N,186,163,1,13.5,4.25,0.5,3.85,0.0,1.0,23.1,2.5,0.0,0.75
1,1756687126000000,1756687980000000,3,3.1,1,N,186,13,1,15.6,4.25,0.5,4.25,0.0,1.0,25.6,2.5,0.0,0.75
2,1756686364000000,1756688328000000,1,19.97,2,N,132,88,1,70.0,0.0,0.5,7.65,0.0,1.0,84.15,2.5,1.75,0.75
1,1756686077000000,1756686822000000,1,2.4,1,N,68,114,1,14.2,4.25,0.5,4.95,0.0,1.0,24.9,2.5,0.0,0.75
1,1756687181000000,1756687484000000,3,1.0,1,N,114,249,1,7.2,4.25,0.5,2.55,0.0,1.0,15.5,2.5,0.0,0.75
1,1756687571000000,1756687846000000,1,1.4,1,N,90,68,1,7.9,4.25,0.5,2.7,0.0,1.0,16.35,2.5,0.0,0.75
1,1756688216000000,1756689130000000,1,4.0,1,N,186,151,1,19.8,4.25,0.5,5.1,0.0,1.0,30.65,2.5,0.0,0.75
2,1756686072000000,1756687040000000,1,8.84,1,N,138,234,1,35.2,6.0,0.5,10.58,6.94,1.0,65.22,2.5,1.75,0.75
2,1756685337000000,1756685696000000,3,1.22,1,N,237,163,1,8.6,1.0,0.5,1.0,0.0,1.0,15.35,2.5,0.0,0.75
1,1756686463000000,1756687986000000,1,10.1,1,N,138,189,1,41.5,7.75,0.5,12.7,0.0,1.0,63.45,0.0,1.75,0.0
2,1756686389000000,1756687363000000,2,3.26,1,N,43,107,1,18.4,1.0,0.5,4.83,0.0,1.0,28.98,2.5,0.0,0.75
2,1756685385000000,1756685828000000,1,1.31,1,N,162,90,1,9.3,1.0,0.5,3.01,0.0,1.0,18.06,2.5,0.0,0.75
2,1756686896000000,1756688125000000,1,10.09,1,N,246,127,2,40.8,1.0,0.5,0.0,0.0,1.0,46.55,2.5,0.0,0.75
2,1756685402000000,1756685713000000,1,1.31,1,N,90,125,1,7.9,1.0,0.5,2.73,0.0,1.0,16.38,2.5,0.0,0.75
2,1756685748000000,1756685957000000,1,0.85,1,N,137,170,1,6.5,1.0,0.5,2.0,0.0,1.0,14.25,2.5,0.0,0.75
2,1756685020000000,1756685346000000,1,1.15,1,N,141,263,1,7.2,1.0,0.5,2.44,0.0,1.0,14.64,2.5,0.0,0.0
2,1756688338000000,1756689719000000,1,15.52,1,N,132,146,1,58.3,1.0,0.5,3.0,0.0,1.0,65.55,0.0,1.75,0.0
2,1756685311000000,1756686638000000,1,4.52,1,N,114,49,1,24.7,1.0,0.5,6.09,0.0,1.0,36.54,2.5,0.0,0.75
2,1756687932000000,1756688827000000,1,3.77,1,N,113,256,1,19.8,1.0,0.5,5.11,0.0,1.0,30.66,2.5,0.0,0.75
2,1756686910000000,1756687144000000,1,0.67,1,N,48,68,2,5.8,1.0,0.5,0.0,0.0,1.0,11.55,2.5,0.0,0.75
2,1756687282000000,1756687571000000,1,1.11,1,N,186,162,1,7.9,1.0,0.5,2.0,0.0,1.0,15.65,2.5,0.0,0.75
2,1756688209000000,1756688831000000,1,2.12,1,N,186,79,1,12.8,1.0,0.5,3.71,0.0,1.0,22.26,2.5,0.0,0.75
2,1756686592000000,1756686824000000,1,0.96,1,N,68,50,1,6.5,1.0,0.5,2.45,0.0,1.0,14.7,2.5,0.0,0.75
1,1756685461000000,1756685999000000,1,1.8,1,N,211,90,1,10.7,4.25,0.5,3.3,0.0,1.0,19.75,2.5,0.0,0.75
1,1756686260000000,1756687098000000,1,2.3,1,N,249,170,1,14.2,4.25,0.5,4.0,0.0,1.0,23.95,2.5,0.0,0.75
2,1756686167000000,1756686175000000,1,0.0,5,N,93,93,1,85.0,0.0,0.0,10.0,0.0,1.0,96.0,0.0,0.0,0.0
2,1756685044000000,1756685203000000,2,0.49,1,N,161,233,2,5.1,1.0,0.5,0.0,0.0,1.0,10.85,2.5,0.0,0.75
2,1756686058000000,1756686869000000,2,3.19,1,N,100,236,1,17.0,1.0,0.5,4.55,0.0,1.0,27.3,2.5,0.0,0.75
1,1756685180000000,1756685614000000,1,1.5,1,N,90,137,1,8.6,4.25,0.5,2.85,0.0,1.0,17.2,2.5,0.0,0.75
1,1756686189000000,1756686707000000,1,1.8,1,N,164,237,1,10.7,4.25,0.5,3.3,0.0,1.0,19.75,2.5,0.0,0.75
1,1756687340000000,1756687657000000,1,0.8,1,N,186,137,1,6.5,4.25,0.5,2.45,0.0,1.0,14.7,2.5,0.0,0.75
1,1756688040000000,1756688296000000,1,1.0,1,N,164,161,1,7.2,4.25,0.5,2.0,0.0,1.0,14.95,2.5,0.0,0.75
2,1756687950000000,1756688108000000,1,0.59,1,N,79,79,1,5.1,1.0,0.5,2.17,0.0,1.0,13.02,2.5,0.0,0.75
2,1756688300000000,1756689157000000,1,4.86,1,N,107,238,2,21.2,1.0,0.5,0.0,0.0,1.0,26.95,2.5,0.0,0.75
2,1756686341000000,1756686582000000,1,1.12,1,N,186,249,1,7.2,1.0,0.5,0.0,0.0,1.0,12.95,2.5,0.0,0.75
2,1756686027000000,1756688705000000,3,20.05,2,N,132,239,1,70.0,0.0,0.5,14.0,6.94,1.0,96.69,2.5,1.75,0.0
2,1756685281000000,1756686307000000,3,2.99,1,N,186,144,1,17.7,1.0,0.5,4.69,0.0,1.0,28.14,2.5,0.0,0.75
2,1756687488000000,1756688057000000,1,1.91,1,N,48,107,1,11.4,1.0,0.5,4.29,0.0,1.0,21.44,2.5,0.0,0.75
1,1756684919000000,1756685191000000,1,0.9,1,N,144,79,1,6.5,4.25,0.5,1.5,0.0,1.0,13.75,2.5,0.0,0.75
1,1756685380000000,1756686345000000,1,4.3,1,N,79,142,1,19.1,4.25,0.5,6.2,0.0,1.0,31.05,2.5,0.0,0.75
1,1756687428000000,1756687930000000,1,1.4,1,N,186,233,1,9.3,4.25,0.5,3.0,0.0,1.0,18.05,2.5,0.0,0.75
2,1756685908000000,1756686182000000,2,0.73,1,N,68,186,1,6.5,1.0,0.5,2.45,0.0,1.0,14.7,2.5,0.0,0.75
2,1756685280000000,1756685402000000,2,0.44,1,N,164,164,2,4.4,1.0,0.5,0.0,0.0,1.0,10.15,2.5,0.0,0.75
1,1756685259000000,1756685413000000,2,0.2,1,N,231,125,2,4.4,4.25,0.5,0.0,0.0,1.0,10.15,2.5,0.0,0.75
1,1756685736000000,1756686446000000,2,2.4,1,N,249,50,1,14.9,4.25,0.5,0.0,0.0,1.0,20.65,2.5,0.0,0.75
1,1756687080000000,1756688115000000,3,3.2,1,N,100,4,1,19.1,4.25,0.5,2.0,0.0,1.0,26.85,2.5,0.0,0.75
2,1756685827000000,1756686333000000,2,1.63,1,N,48,216,1,10.7,1.0,0.5,3.29,0.0,1.0,19.74,2.5,0.0,0.75
2,1756687570000000,1756688627000000,1,9.01,1,N,70,49,1,35.2,6.0,0.5,8.54,0.0,1.0,52.99,0.0,1.75,0.0
1,1756686210000000,1756687001000000,1,7.1,1,N,70,75,1,28.9,7.75,0.5,0.0,6.94,1.0,45.09,0.0,1.75,0.0
2,1756686813000000,1756688372000000,1,14.7,1,N,132,145,1,56.2,1.0,0.5,11.74,0.0,1.0,72.19,0.0,1.75,0.0
2,1756685651000000,1756686423000000,1,2.18,1,N,107,125,1,14.2,1.0,0.5,5.0,0.0,1.0,24.95,2.5,0.0,0.75
2,1756686587000000,1756688267000000,1,10.37,1,N,249,69,1,43.6,1.0,0.5,7.4,0.0,1.0,56.75,2.5,0.0,0.75
2,1756685874000000,1756686337000000,1,1.01,1,N,211,79,1,9.3,1.0,0.5,3.01,0.0,1.0,18.06,2.5,0.0,0.75
2,1756687295000000,1756689508000000,1,23.59,1,N,132,228,1,87.7,1.0,0.5,5.0,0.0,1.0,96.95,0.0,1.75,0.0
7,1756686386000000,1756686386000000,2,6.89,1,N,211,7,2,31.0,0.0,0.5,0.0,0.0,1.0,36.75,2.5,0.0,0.75
1,1756685696000000,1756686939000000,2,4.7,1,N,68,112,1,24.7,4.25,0.5,6.0,6.94,1.0,43.39,2.5,0.0,0.75
2,1756685013000000,1756686445000000,1,12.46,1,N,138,40,1,47.8,6.0,0.5,11.06,0.0,1.0,68.11,0.0,1.75,0.0
2,1756686780000000,1756688575000000,2,18.01,2,N,132,186,1,70.0,0.0,0.5,10.0,6.94,1.0,93.44,2.5,1.75,0.75
2,1756687821000000,1756689036000000,1,5.66,1,N,114,256,1,27.5,1.0,0.5,2.0,0.0,1.0,35.25,2.5,0.0,0.75
1,1756685839000000,1756686678000000,1,3.8,1,N,142,74,1,17.7,4.25,0.5,3.51,0.0,1.0,26.96,2.5,0.0,0.75
2,1756684911000000,1756685383000000,1,1.26,1,N,249,79,1,9.3,1.0,0.5,2.71,0.0,1.0,17.76,2.5,0.0,0.75
2,1756685447000000,1756685842000000,1,1.37,1,N,79,90,1,8.6,1.0,0.5,0.0,0.0,1.0,14.35,2.5,0.0,0.75
1,1756686316000000,1756687186000000,2,3.5,1,N,246,141,1,17.0,4.25,0.5,4.55,0.0,1.0,27.3,2.5,0.0,0.75
1,1756685654000000,1756686160000000,4,1.5,1,N,234,48,3,10.0,4.25,0.5,0.0,0.0,1.0,15.75,2.5,0.0,0.75
1,1756686577000000,1756687612000000,2,4.2,1,N,186,238,1,21.9,4.25,0.5,6.9,0.0,1.0,34.55,2.5,0.0,0.75
1,1756686728000000,1756687622000000,1,4.5,1,N,148,263,1,19.1,4.25,0.5,4.95,0.0,1.0,29.8,2.5,0.0,0.75
2,1756686007000000,1756687388000000,1,8.6,1,N,138,166,1,38.0,6.0,0.5,8.13,6.94,1.0,62.32,0.0,1.75,0.0
2,1756687895000000,1756688588000000,1,0.91,1,N,238,166,2,7.2,1.0,0.5,0.0,0.0,1.0,12.2,2.5,0.0,0.0
2,1756685514000000,1756685527000000,2,0.0,5,N,265,265,1,100.0,0.0,0.0,0.0,0.0,1.0,101.0,0.0,0.0,0.0
2,1756687810000000,1756688143000000,1,0.94,1,N,79,144,2,7.2,1.0,0.5,0.0,0.0,1.0,12.95,2.5,0.0,0.75
2,1756684933000000,1756685388000000,1,1.68,1,N,79,90,1,10.7,1.0,0.5,3.29,0.0,1.0,19.74,2.5,0.0,0.75
2,1756686460000000,1756687265000000,1,3.27,1,N,230,107,1,17.0,1.0,0.5,4.55,0.0,1.0,27.3,2.5,0.0,0.75
2,1756687702000000,1756688140000000,1,3.01,1,N,79,141,1,13.5,1.0,0.5,3.85,0.0,1.0,23.1,2.5,0.0,0.75
1,1756685229000000,1756685446000000,1,0.9,1,Y,263,141,1,6.5,3.5,0.5,2.3,0.0,1.0,13.8,2.5,0.0,0.0
1,1756685693000000,1756686014000000,1,1.3,1,Y,141,75,1,7.2,3.5,0.5,3.0,0.0,1.0,15.2,2.5,0.0,0.0
1,1756687938000000,1756688094000000,1,0.6,1,N,90,90,1,5.1,4.25,0.5,2.15,0.0,1.0,13.0,2.5,0.0,0.75
1,1756688370000000,1756689227000000,2,3.9,1,N,68,237,1,17.7,4.25,0.5,4.65,0.0,1.0,28.1,2.5,0.0,0.75
2,1756687905000000,1756691864000000,2,18.87,2,N,132,236,1,70.0,0.0,0.5,16.19,6.94,1.0,98.88,2.5,1.75,0.0
1,1756685091000000,1756685459000000,1,1.0,1,N,249,68,1,7.9,4.25,0.5,3.0,0.0,1.0,16.65,2.5,0.0,0.75
1,1756685836000000,1756686183000000,1,0.8,1,N,90,158,1,7.2,4.25,0.5,2.55,0.0,1.0,15.5,2.5,0.0,0.75
1,1756686438000000,1756688745000000,1,12.7,1,N,68,138,4,57.6,9.25,0.5,0.0,6.94,1.0,75.29,2.5,0.0,0.75
2,1756685362000000,1756686135000000,1,3.02,1,N,163,79,1,15.6,1.0,0.5,4.27,0.0,1.0,25.62,2.5,0.0,0.75
2,1756684985000000,1756685455000000,2,0.97,1,N,229,163,1,9.3,1.0,0.5,3.01,0.0,1.0,18.06,2.5,0.0,0.75
2,1756685295000000,1756687376000000,2,17.6,2,N,132,43,1,70.0,0.0,0.5,14.95,0.0,1.0,91.45,2.5,1.75,0.75
2,1756686074000000,1756687131000000,1,9.16,1,N,138,186,1,36.6,6.0,0.5,10.0,6.94,1.0,66.04,2.5,1.75,0.75
2,1756687764000000,1756688355000000,1,1.94,1,N,186,158,1,12.1,1.0,0.5,3.57,0.0,1.0,21.42,2.5,0.0,0.75
1,1756687227000000,1756687979000000,1,3.2,1,N,249,88,1,15.6,4.25,0.5,4.25,0.0,1.0,25.6,2.5,0.0,0.75
1,1756685156000000,1756686008000000,1,3.4,1,N,100,87,1,16.3,4.25,0.5,0.0,0.0,1.0,22.05,2.5,0.0,0.75
1,1756686936000000,1756687296000000,1,1.4,1,N,114,186,1,8.6,4.25,0.5,2.85,0.0,1.0,17.2,2.5,0.0,0.75
1,1756687534000000,1756687910000000,1,1.1,1,N,249,164,1,7.9,4.25,0.5,2.75,0.0,1.0,16.4,2.5,0.0,0.75
1,1756688338000000,1756688882000000,1,1.1,1,N,249,79,1,9.3,4.25,0.5,3.0,0.0,1.0,18.05,2.5,0.0,0.75
1,1756685750000000,1756687035000000,1,8.8,1,N,107,42,1,36.6,4.25,0.5,10.6,0.0,1.0,52.95,2.5,0.0,0.75
2,1756688164000000,1756689983000000,2,9.37,1,N,138,75,1,42.2,6.0,0.5,10.44,0.0,1.0,64.39,2.5,1.75,0.0
2,1756685126000000,1756685510000000,1,0.54,1,N,114,211,1,7.2,1.0,0.5,2.59,0.0,1.0,15.54,2.5,0.0,0.75
2,1756685750000000,1756686064000000,1,1.39,1,N,249,107,1,7.9,1.0,0.5,2.73,0.0,1.0,16.38,2.5,0.0,0.75
2,1756687846000000,1756688195000000,1,1.99,1,N,229,79,1,10.0,1.0,0.5,2.0,0.0,1.0,17.75,2.5,0.0,0.75
2,1756685718000000,1756687356000000,1,2.59,1,N,68,144,1,24.7,1.0,0.5,6.09,0.0,1.0,36.54,2.5,0.0,0.75
2,1756687725000000,1756688634000000,1,3.83,1,N,114,239,1,19.1,1.0,0.5,4.97,0.0,1.0,29.82,2.5,0.0,0.75
1,1756685276000000,1756686125000000,1,3.0,1,N,68,237,1,15.6,4.25,0.5,5.35,0.0,1.0,26.7,2.5,0.0,0.75
2,1756686090000000,1756687801000000,1,16.39,1,N,132,255,1,61.8,1.0,0.5,16.07,0.0,1.0,82.12,0.0,1.75,0.0
2,1756684869000000,1756685655000000,1,4.64,1,N,75,170,1,21.2,1.0,0.5,2.0,0.0,1.0,28.95,2.5,0.0,0.75
2,1756686009000000,1756687344000000,2,5.52,1,N,186,80,1,26.8,1.0,0.5,6.51,0.0,1.0,39.06,2.5,0.0,0.75
2,1756685359000000,1756685624000000,2,1.26,1,N,162,164,1,7.9,1.0,0.5,2.73,0.0,1.0,16.38,2.5,0.0,0.75
2,1756686870000000,1756687206000000,1,0.93,1,N,125,249,1,7.9,1.0,0.5,0.0,0.0,1.0,13.65,2.5,0.0,0.75
2,1756687907000000,1756688738000000,1,3.1,1,N,114,233,1,17.0,1.0,0.5,4.55,0.0,1.0,27.3,2.5,0.0,0.75
2,1756685260000000,1756685312000000,1,0.01,2,N,100,100,2,70.0,0.0,0.5,0.0,0.0,1.0,74.75,2.5,0.0,0.75
2,1756685335000000,1756686117000000,1,1.08,1,N,100,162,1,12.1,1.0,0.5,3.57,0.0,1.0,21.42,2.5,0.0,0.75
