VendorID,tpep_pickup_datetime,tpep_dropoff_datetime,passenger_count,trip_distance,RatecodeID,store_and_fwd_flag,PULocationID,DOLocationID,payment_type,fare_amount,extra,mta_tax,tip_amount,tolls_amount,improvement_surcharge,total_amount,congestion_surcharge,airport_fee
2,1630476274000000,1630476928000000,2.0,4.9,1.0,N,87,229,1,16.0,0.5,0.5,2.0,0.0,0.3,21.8,2.5,0.0
2,1630477591000000,1630477959000000,1.0,1.13,1.0,N,162,229,1,6.0,0.5,0.5,1.96,0.0,0.3,11.76,2.5,0.0
2,1630478175000000,1630478430000000,2.0,1.37,1.0,N,141,262,1,6.0,0.5,0.5,1.96,0.0,0.3,11.76,2.5,0.0
1,1630454415000000,1630455514000000,2.0,6.5,1.0,N,90,260,2,21.0,3.0,0.5,0.0,6.55,0.3,31.35,2.5,0.0
2,1630457094000000,None,None,2.32,1.0,N,75,238,2,10.5,0.5,0.5,0.0,0.0,0.3,11.8,0.0,0.0
1,1630455308000000,None,None,1.6,1.0,N,239,263,1,7.5,3.0,0.5,2.8,0.0,0.3,14.1,2.5,0.0
1,1630456536000000,None,None,7.6,1.0,N,137,42,1,25.5,3.0,0.5,5.85,0.0,0.3,35.15,2.5,0.0
2,1630456449000000,None,1.0,1.24,1.0,N,45,232,1,7.5,0.5,0.5,1.0,0.0,0.3,12.3,2.5,0.0
1,1630455711000000,None,1.0,11.2,1.0,N,93,113,1,33.5,3.0,0.5,10.95,6.55,0.3,54.8,2.5,0.0
2,1630456723000000,None,1.0,5.53,1.0,N,90,49,2,20.5,0.5,0.5,0.0,0.0,0.3,24.3,2.5,0.0
2,1630457782000000,1630459297000000,1.0,6.14,1.0,N,181,149,1,21.5,0.5,0.5,4.56,0.0,0.3,27.36,0.0,0.0
2,1630454712000000,1630455104000000,1.0,0.92,1.0,N,234,107,1,6.0,0.5,0.5,1.96,0.0,0.3,11.76,2.5,0.0
2,1630455313000000,1630455530000000,1.0,1.38,1.0,N,137,229,1,5.5,0.5,0.5,1.86,0.0,0.3,11.16,2.5,0.0
2,1630455720000000,1630456082000000,1.0,1.36,1.0,N,233,140,1,6.5,0.5,0.5,2.06,0.0,0.3,12.36,2.5,0.0
1,1630456015000000,1630458255000000,2.0,18.9,2.0,N,132,48,2,52.0,3.75,0.5,0.0,6.55,0.3,63.1,2.5,1.25
2,1630456379000000,1630456829000000,1.0,1.51,1.0,N,148,79,1,7.5,0.5,0.5,2.82,0.0,0.3,14.12,2.5,0.0
2,1630456970000000,1630457440000000,1.0,1.09,1.0,N,79,144,2,6.5,0.5,0.5,0.0,0.0,0.3,10.3,2.5,0.0
2,1630455210000000,1630455635000000,1.0,1.66,1.0,N,163,140,1,7.5,0.5,0.5,2.26,0.0,0.3,13.56,2.5,0.0
2,1630457249000000,1630458905000000,1.0,11.61,1.0,N,140,171,2,35.0,0.5,0.5,0.0,0.0,0.3,38.8,2.5,0.0
2,1630454823000000,1630455200000000,5.0,2.06,1.0,N,229,263,2,8.0,0.5,0.5,0.0,0.0,0.3,11.8,2.5,0.0
2,1630455359000000,1630456364000000,5.0,4.11,1.0,N,263,90,1,15.5,0.5,0.5,3.86,0.0,0.3,23.16,2.5,0.0
2,1630457418000000,1630459185000000,5.0,9.79,1.0,N,249,168,1,30.5,0.5,0.5,6.86,0.0,0.3,41.16,2.5,0.0
2,1630456664000000,1630457643000000,2.0,10.98,1.0,N,138,243,1,30.0,0.5,0.5,9.67,6.12,0.3,48.34,0.0,1.25
2,1630457902000000,1630457943000000,2.0,0.13,1.0,N,243,243,2,2.5,0.5,0.5,0.0,0.0,0.3,3.8,0.0,0.0
2,1630456312000000,1630457508000000,1.0,4.37,1.0,N,107,262,1,18.5,0.5,0.5,2.0,0.0,0.3,24.3,2.5,0.0
1,1630455242000000,1630455828000000,2.0,2.9,1.0,N,170,148,1,10.5,3.0,0.5,2.85,0.0,0.3,17.15,2.5,0.0
1,1630456375000000,1630456790000000,1.0,2.8,1.0,N,137,262,1,9.5,3.0,0.5,3.0,0.0,0.3,16.3,2.5,0.0
1,1630457152000000,1630457791000000,2.0,2.6,1.0,Y,263,143,2,10.5,3.0,0.5,0.0,0.0,0.3,14.3,2.5,0.0
1,1630454444000000,1630455550000000,0.0,7.1,1.0,N,263,248,2,22.0,3.0,0.5,0.0,0.0,0.3,25.8,2.5,0.0
2,1630456952000000,1630458342000000,3.0,5.11,1.0,N,211,236,1,20.0,0.5,0.5,4.0,0.0,0.3,27.8,2.5,0.0
1,1630457458000000,1630457772000000,2.0,0.6,1.0,N,211,148,2,5.0,3.0,0.5,0.0,0.0,0.3,8.8,2.5,0.0
2,1630454544000000,1630455049000000,1.0,1.92,1.0,N,100,114,1,8.5,0.5,0.5,2.46,0.0,0.3,14.76,2.5,0.0
2,1630456618000000,1630457711000000,1.0,5.24,1.0,N,231,238,1,18.0,0.5,0.5,6.54,0.0,0.3,28.34,2.5,0.0
1,1630454591000000,1630454748000000,1.0,0.6,1.0,N,163,161,1,4.5,3.0,0.5,1.7,0.0,0.3,10.0,2.5,0.0
1,1630454971000000,1630455559000000,1.0,4.1,1.0,N,161,42,1,13.0,3.0,0.5,3.35,0.0,0.3,20.15,2.5,0.0
1,1630455832000000,1630456540000000,1.0,1.5,1.0,N,41,75,3,9.5,0.5,0.5,0.0,0.0,0.3,10.8,0.0,0.0
1,1630455623000000,1630455959000000,2.0,1.7,1.0,N,239,166,1,7.0,3.0,0.5,1.0,0.0,0.3,11.8,2.5,0.0
1,1630455835000000,1630456169000000,1.0,1.1,1.0,N,43,237,1,6.0,2.5,0.5,1.85,0.0,0.3,11.15,2.5,0.0
2,1630455438000000,1630456680000000,1.0,6.04,1.0,N,137,225,1,21.0,0.5,0.5,4.96,0.0,0.3,29.76,2.5,0.0
2,1630455034000000,1630455458000000,1.0,1.89,1.0,N,48,90,1,8.0,0.5,0.5,2.36,0.0,0.3,14.16,2.5,0.0
1,1630454595000000,1630455307000000,2.0,6.7,1.0,N,132,63,2,19.5,1.75,0.5,0.0,0.0,0.3,22.05,0.0,1.25
1,1630454853000000,1630456795000000,1.0,17.8,2.0,N,132,237,2,52.0,3.75,0.5,0.0,0.0,0.3,56.55,2.5,1.25
1,1630455875000000,1630456891000000,2.0,4.2,1.0,N,138,146,1,15.5,1.75,0.5,3.6,0.0,0.3,21.65,0.0,1.25
2,1630456900000000,1630456909000000,2.0,0.0,1.0,N,132,132,2,2.5,0.5,0.5,0.0,0.0,0.3,5.05,0.0,1.25
2,1630456930000000,1630459338000000,2.0,18.8,2.0,N,132,143,1,52.0,0.0,0.5,11.06,0.0,0.3,67.61,2.5,1.25
2,1630454939000000,1630455432000000,5.0,2.31,1.0,N,142,162,1,9.0,0.5,0.5,2.56,0.0,0.3,15.36,2.5,0.0
2,1630455627000000,1630456118000000,5.0,1.56,1.0,N,229,230,2,7.5,0.5,0.5,0.0,0.0,0.3,11.3,2.5,0.0
1,1630455502000000,1630456725000000,1.0,12.4,1.0,N,138,174,1,34.5,1.75,0.5,5.0,6.55,0.3,48.6,0.0,1.25
2,1630454393000000,1630456334000000,1.0,7.15,1.0,N,140,36,1,26.5,0.5,0.5,4.0,0.0,0.3,34.3,2.5,0.0
2,1630456330000000,1630457174000000,3.0,6.49,1.0,N,132,197,2,19.5,0.5,0.5,0.0,0.0,0.3,22.05,0.0,1.25
2,1630456579000000,1630458199000000,2.0,15.88,1.0,N,116,80,1,44.0,0.5,0.5,13.59,0.0,0.3,58.89,0.0,0.0
2,1630455219000000,1630456119000000,1.0,2.07,1.0,N,79,231,1,11.0,0.5,0.5,1.11,0.0,0.3,15.91,2.5,0.0
2,1630456807000000,1630457174000000,1.0,1.16,1.0,N,144,4,1,6.0,0.5,0.5,2.2,0.0,0.3,12.0,2.5,0.0
2,1630457450000000,1630458201000000,1.0,4.99,1.0,N,107,74,1,14.5,0.5,0.5,0.0,0.0,0.3,18.3,2.5,0.0
2,1630455996000000,1630457559000000,5.0,15.86,1.0,N,132,145,1,44.0,0.5,0.5,9.31,0.0,0.3,55.86,0.0,1.25
1,1630456675000000,1630457049000000,2.0,1.5,1.0,N,229,164,1,7.0,3.0,0.5,2.15,0.0,0.3,12.95,2.5,0.0
1,1630457217000000,1630458485000000,1.0,6.8,1.0,N,161,129,1,22.0,3.0,0.5,4.2,0.0,0.3,30.0,2.5,0.0
1,1630455064000000,1630455318000000,0.0,0.8,1.0,N,163,142,1,5.0,3.0,0.5,2.2,0.0,0.3,11.0,2.5,0.0
1,1630456779000000,1630457618000000,0.0,2.7,1.0,N,151,244,2,12.5,0.5,0.5,0.0,0.0,0.3,13.8,0.0,0.0
2,1630455699000000,1630457006000000,1.0,9.77,1.0,N,132,198,1,28.5,0.5,0.5,5.0,0.0,0.3,36.05,0.0,1.25
2,1630455284000000,1630456753000000,1.0,10.17,1.0,N,138,246,2,31.0,0.5,0.5,0.0,6.55,0.3,42.6,2.5,1.25
2,1630456999000000,1630457221000000,1.0,0.88,1.0,N,50,142,2,5.0,0.5,0.5,0.0,0.0,0.3,8.8,2.5,0.0
2,1630457390000000,1630457920000000,1.0,2.72,1.0,N,163,151,1,10.0,0.5,0.5,2.76,0.0,0.3,16.56,2.5,0.0
2,1630454607000000,1630455156000000,1.0,2.1,1.0,N,249,137,1,9.0,0.5,0.5,2.56,0.0,0.3,15.36,2.5,0.0
2,1630455373000000,1630457163000000,1.0,8.49,1.0,N,137,167,1,28.5,0.5,0.5,0.0,0.0,0.3,32.3,2.5,0.0
1,1630454855000000,1630456642000000,1.0,19.0,1.0,N,132,33,1,52.0,1.75,0.5,10.9,0.0,0.3,65.45,0.0,1.25
2,1630455321000000,1630456358000000,1.0,4.35,1.0,N,142,79,1,15.5,0.5,0.5,3.86,0.0,0.3,23.16,2.5,0.0
2,1630455574000000,1630456092000000,2.0,1.72,1.0,N,162,48,1,8.0,0.5,0.5,2.36,0.0,0.3,14.16,2.5,0.0
2,1630456571000000,1630456891000000,1.0,1.11,1.0,N,186,170,1,6.0,0.5,0.5,2.94,0.0,0.3,12.74,2.5,0.0
2,1630455222000000,1630455498000000,1.0,1.34,1.0,N,186,249,1,6.0,0.5,0.5,1.96,0.0,0.3,11.76,2.5,0.0
2,1630455633000000,1630456242000000,1.0,2.57,1.0,N,249,170,1,10.0,0.5,0.5,2.76,0.0,0.3,16.56,2.5,0.0
2,1630456977000000,1630457395000000,1.0,1.33,1.0,N,249,148,1,7.0,0.5,0.5,2.16,0.0,0.3,12.96,2.5,0.0
2,1630454906000000,1630455602000000,1.0,4.03,1.0,N,170,74,2,13.0,0.5,0.5,0.0,0.0,0.3,16.8,2.5,0.0
2,1630455520000000,1630456098000000,1.0,2.1,1.0,N,244,116,2,9.5,0.5,0.5,0.0,0.0,0.3,10.8,0.0,0.0
2,1630457139000000,1630457605000000,1.0,1.63,1.0,N,238,238,1,8.0,0.5,0.5,3.54,0.0,0.3,15.34,2.5,0.0
1,1630455470000000,1630456511000000,2.0,9.7,1.0,N,132,192,2,28.5,1.75,0.5,0.0,0.0,0.3,31.05,0.0,1.25
2,1630454328000000,1630455204000000,2.0,7.54,1.0,N,140,33,1,22.0,0.5,0.5,7.74,0.0,0.3,33.54,2.5,0.0
2,1630456137000000,1630457744000000,1.0,12.9,1.0,N,138,13,1,37.5,0.5,0.5,10.64,0.0,0.3,53.19,2.5,1.25
2,1630458063000000,1630458533000000,1.0,1.12,1.0,N,261,209,1,6.5,0.5,0.5,0.0,0.0,0.3,10.3,2.5,0.0
1,1630455753000000,1630455965000000,1.0,1.5,1.0,N,233,237,1,6.0,3.0,0.5,1.96,0.0,0.3,11.76,2.5,0.0
1,1630456423000000,1630456761000000,1.0,1.8,1.0,N,263,229,2,7.5,3.0,0.5,0.0,0.0,0.3,11.3,2.5,0.0
1,1630457038000000,1630457253000000,0.0,1.6,1.0,N,233,141,1,6.5,3.0,0.5,1.0,0.0,0.3,11.3,2.5,0.0
1,1630455354000000,1630455852000000,1.0,2.0,1.0,N,239,75,2,8.5,3.0,0.5,0.0,0.0,0.3,12.3,2.5,0.0
1,1630456990000000,1630457554000000,1.0,2.3,1.0,N,113,88,1,9.5,3.0,0.5,2.0,0.0,0.3,15.3,2.5,0.0
1,1630454962000000,1630455937000000,2.0,3.7,1.0,N,79,163,1,14.5,3.0,0.5,3.65,0.0,0.3,21.95,2.5,0.0
1,1630456331000000,1630456615000000,1.0,1.2,1.0,N,48,48,2,6.0,3.0,0.5,0.0,0.0,0.3,9.8,2.5,0.0
1,1630457129000000,1630457376000000,1.0,1.4,1.0,N,90,230,1,6.0,3.0,0.5,0.0,0.0,0.3,9.8,2.5,0.0
1,1630455758000000,1630456928000000,1.0,10.4,1.0,Y,138,25,1,30.0,1.75,0.5,5.0,0.0,0.3,37.55,0.0,1.25
2,1630456825000000,1630457733000000,1.0,4.01,1.0,N,233,231,2,14.0,0.5,0.5,0.0,0.0,0.3,17.8,2.5,0.0
1,1630456906000000,1630457960000000,2.0,9.5,1.0,N,138,90,1,27.0,4.25,0.5,7.7,6.55,0.3,46.3,2.5,1.25
2,1630455844000000,1630456342000000,1.0,1.68,1.0,N,148,249,1,8.0,0.5,0.5,2.36,0.0,0.3,14.16,2.5,0.0
2,1630456557000000,1630456852000000,1.0,1.9,1.0,N,158,68,1,7.0,0.5,0.5,1.0,0.0,0.3,11.8,2.5,0.0
2,1630457317000000,1630458505000000,2.0,5.88,1.0,N,100,80,1,20.5,0.5,0.5,1.0,0.0,0.3,25.3,2.5,0.0
2,1630454566000000,1630456454000000,1.0,11.18,1.0,N,234,169,1,35.0,0.5,0.5,0.0,0.0,0.3,38.8,2.5,0.0
2,1630457867000000,1630460107000000,1.0,9.48,1.0,N,74,168,2,32.5,0.5,0.5,0.0,0.0,0.3,33.8,0.0,0.0
2,1630454417000000,1630456389000000,1.0,5.57,1.0,N,48,7,2,23.5,0.5,0.5,0.0,0.0,0.3,27.3,2.5,0.0
2,1630456881000000,1630457756000000,2.0,8.36,1.0,N,264,236,1,23.0,0.5,0.5,10.01,6.55,0.3,44.61,2.5,1.25
1,1630454975000000,1630455871000000,1.0,3.1,1.0,N,230,79,1,13.0,3.0,0.5,5.0,0.0,0.3,21.8,2.5,0.0
1,1630456062000000,1630456743000000,1.0,2.5,1.0,N,79,164,1,10.5,3.0,0.5,3.55,0.0,0.3,17.85,2.5,0.0
1,1630457221000000,1630457581000000,1.0,1.5,1.0,N,164,230,1,7.0,3.0,0.5,2.15,0.0,0.3,12.95,2.5,0.0
1,1630457644000000,1630457899000000,1.0,0.7,1.0,N,230,50,1,5.0,3.0,0.5,1.0,0.0,0.3,9.8,2.5,0.0
2,1630455258000000,1630456295000000,5.0,5.71,1.0,N,113,112,1,19.0,0.5,0.5,6.84,0.0,0.3,29.64,2.5,0.0
2,1630454978000000,1630455469000000,1.0,1.53,1.0,N,68,162,1,8.0,0.5,0.5,1.2,0.0,0.3,13.0,2.5,0.0
2,1630454306000000,1630454983000000,1.0,2.03,1.0,N,237,48,2,10.0,0.5,0.5,0.0,0.0,0.3,13.8,2.5,0.0
2,1630456391000000,1630457734000000,1.0,5.92,1.0,N,186,37,1,21.0,0.5,0.5,4.96,0.0,0.3,29.76,2.5,0.0
1,1630457773000000,1630458796000000,1.0,4.5,1.0,N,181,165,2,13.5,0.5,0.5,0.0,0.0,0.3,14.8,0.0,0.0
2,1630456017000000,1630456363000000,1.0,1.3,1.0,N,170,113,1,6.5,0.5,0.5,2.06,0.0,0.3,12.36,2.5,0.0
2,1630456627000000,1630458093000000,1.0,6.26,1.0,N,249,225,1,21.5,0.5,0.5,4.0,0.0,0.3,29.3,2.5,0.0
2,1630456114000000,1630456433000000,2.0,1.07,1.0,N,249,68,1,6.0,0.5,0.5,1.96,0.0,0.3,11.76,2.5,0.0
2,1630457738000000,1630458894000000,1.0,6.94,1.0,N,74,242,2,22.5,0.5,0.5,0.0,0.0,0.3,23.8,0.0,0.0
2,1630456780000000,1630457243000000,1.0,2.19,1.0,N,230,239,1,8.5,0.5,0.5,3.08,0.0,0.3,15.38,2.5,0.0
2,1630457373000000,1630458830000000,1.0,18.34,2.0,N,132,144,1,52.0,0.0,0.5,8.0,0.0,0.3,63.3,2.5,0.0
2,1630455283000000,1630455677000000,1.0,1.26,1.0,N,48,186,1,6.5,0.5,0.5,2.58,0.0,0.3,12.88,2.5,0.0
2,1630457689000000,1630458135000000,1.0,1.32,1.0,N,143,48,1,7.0,0.5,0.5,2.7,0.0,0.3,13.5,2.5,0.0
1,1630454876000000,1630455605000000,1.0,3.0,1.0,N,263,48,1,11.5,3.0,0.5,4.55,0.0,0.3,19.85,2.5,0.0
1,1630457120000000,1630457489000000,2.0,1.7,1.0,N,249,68,1,7.0,3.0,0.5,1.08,0.0,0.3,11.88,2.5,0.0
2,1630456357000000,1630457742000000,1.0,15.05,1.0,N,132,7,1,41.0,0.5,0.5,10.89,0.0,0.3,54.44,0.0,1.25
2,1630455564000000,1630456752000000,1.0,4.9,1.0,N,161,13,1,18.0,0.5,0.5,4.36,0.0,0.3,26.16,2.5,0.0
1,1630456025000000,1630456459000000,2.0,1.7,1.0,N,161,68,1,7.5,3.0,0.5,2.25,0.0,0.3,13.55,2.5,0.0
1,1630456644000000,1630457367000000,2.0,2.2,1.0,N,68,79,1,10.0,3.0,0.5,2.75,0.0,0.3,16.55,2.5,0.0
2,1630454660000000,1630454884000000,1.0,0.66,1.0,N,170,137,2,4.5,0.5,0.5,0.0,0.0,0.3,8.3,2.5,0.0
2,1630454985000000,1630455134000000,1.0,0.84,1.0,N,107,233,1,4.5,0.5,0.5,1.66,0.0,0.3,9.96,2.5,0.0
2,1630455232000000,1630455444000000,1.0,1.44,1.0,N,233,141,1,6.0,0.5,0.5,1.96,0.0,0.3,11.76,2.5,0.0
2,1630455542000000,1630456731000000,1.0,4.47,1.0,N,211,61,1,17.0,0.5,0.5,5.2,0.0,0.3,26.0,2.5,0.0
2,1630457465000000,1630458172000000,2.0,2.99,1.0,N,97,89,1,11.5,0.5,0.5,3.84,0.0,0.3,16.64,0.0,0.0
2,1630455831000000,1630456317000000,5.0,2.82,1.0,N,79,140,1,9.5,0.5,0.5,2.0,0.0,0.3,15.3,2.5,0.0
1,1630454589000000,1630454956000000,1.0,2.4,1.0,N,140,137,2,9.0,3.0,0.5,0.0,0.0,0.3,12.8,2.5,0.0
1,1630455496000000,1630455770000000,1.0,1.1,1.0,N,137,170,1,6.0,3.0,0.5,1.96,0.0,0.3,11.76,2.5,0.0
2,1630454556000000,1630455060000000,1.0,2.28,1.0,N,162,236,1,9.0,0.5,0.5,2.56,0.0,0.3,15.36,2.5,0.0
2,1630456438000000,1630456767000000,1.0,1.12,1.0,N,249,231,1,6.0,0.5,0.5,1.96,0.0,0.3,11.76,2.5,0.0
2,1630457467000000,1630457685000000,1.0,0.85,1.0,N,90,113,1,5.0,0.5,0.5,2.2,0.0,0.3,11.0,2.5,0.0
2,1630455999000000,1630458110000000,1.0,18.48,2.0,N,132,142,1,52.0,0.0,0.5,5.66,0.0,0.3,62.21,2.5,1.25
2,1630455385000000,1630455864000000,1.0,1.17,1.0,N,211,231,1,7.0,0.5,0.5,0.0,0.0,0.3,10.8,2.5,0.0
2,1630456156000000,1630456449000000,1.0,1.02,1.0,N,211,113,1,5.5,0.5,0.5,1.86,0.0,0.3,11.16,2.5,0.0
2,1630454631000000,1630455118000000,1.0,1.55,1.0,N,163,237,1,8.0,0.5,0.5,2.36,0.0,0.3,14.16,2.5,0.0
2,1630454689000000,1630455166000000,1.0,2.22,1.0,N,90,231,2,8.5,0.5,0.5,0.0,0.0,0.3,12.3,2.5,0.0
2,1630455686000000,1630457103000000,1.0,8.55,1.0,N,231,166,1,26.5,0.5,0.5,6.06,0.0,0.3,36.36,2.5,0.0
2,1630457736000000,1630457916000000,1.0,0.53,1.0,N,142,239,1,4.0,0.5,0.5,2.34,0.0,0.3,10.14,2.5,0.0
2,1630455613000000,1630456907000000,1.0,15.42,1.0,N,132,179,1,41.5,0.5,0.5,8.81,0.0,0.3,52.86,0.0,1.25
2,1630454747000000,1630455583000000,1.0,3.47,1.0,N,237,79,1,13.0,0.5,0.5,3.36,0.0,0.3,20.16,2.5,0.0
2,1630455901000000,1630456220000000,1.0,1.16,1.0,N,114,45,1,6.0,0.5,0.5,1.96,0.0,0.3,11.76,2.5,0.0
1,1630456375000000,1630456803000000,4.0,0.8,1.0,N,231,148,1,6.5,3.0,0.5,25.0,0.0,0.3,35.3,2.5,0.0
2,1630457251000000,1630458560000000,1.0,5.42,1.0,N,125,141,2,20.0,0.5,0.5,0.0,0.0,0.3,23.8,2.5,0.0
2,1630456850000000,1630457868000000,1.0,7.99,1.0,N,138,131,2,23.5,0.5,0.5,0.0,0.0,0.3,26.05,0.0,1.25
2,1630455001000000,1630455974000000,2.0,3.72,1.0,N,238,42,1,15.0,0.5,0.5,3.76,0.0,0.3,22.56,2.5,0.0
2,1630457129000000,1630457627000000,2.0,2.65,1.0,N,237,113,1,10.0,0.5,0.5,3.45,0.0,0.3,17.25,2.5,0.0
2,1630455384000000,1630456022000000,1.0,2.21,1.0,N,239,141,1,10.0,0.5,0.5,2.5,0.0,0.3,16.3,2.5,0.0
2,1630456530000000,1630457227000000,1.0,2.59,1.0,N,161,236,1,11.0,0.5,0.5,1.0,0.0,0.3,15.8,2.5,0.0
2,1630457641000000,1630458488000000,1.0,4.01,1.0,N,263,186,2,14.5,0.5,0.5,0.0,0.0,0.3,18.3,2.5,0.0
2,1630454964000000,1630456072000000,2.0,10.0,1.0,N,70,122,2,28.5,0.5,0.5,0.0,0.0,0.3,29.8,0.0,0.0
2,1630454758000000,1630455115000000,1.0,1.55,1.0,N,211,107,1,7.0,0.5,0.5,2.16,0.0,0.3,12.96,2.5,0.0
1,1630454834000000,1630455140000000,2.0,1.0,1.0,N,223,7,2,6.0,0.5,0.5,0.0,0.0,0.3,7.3,0.0,0.0
1,1630456556000000,1630457308000000,2.0,3.5,1.0,N,264,49,2,13.0,3.0,0.5,0.0,0.0,0.3,16.8,2.5,0.0
2,1630455148000000,1630455524000000,3.0,1.13,1.0,N,234,170,2,6.5,0.5,0.5,0.0,0.0,0.3,10.3,2.5,0.0
2,1630456393000000,1630456821000000,4.0,1.79,1.0,N,114,107,1,7.5,0.5,0.5,2.26,0.0,0.3,13.56,2.5,0.0
2,1630457517000000,1630458378000000,3.0,4.63,1.0,N,114,236,1,15.0,0.5,0.5,3.0,0.0,0.3,21.8,2.5,0.0
2,1630455725000000,1630456448000000,2.0,2.53,1.0,N,68,231,2,11.0,0.5,0.5,0.0,0.0,0.3,14.8,2.5,0.0
2,1630454818000000,1630456128000000,4.0,6.48,1.0,N,114,166,2,21.0,0.5,0.5,0.0,0.0,0.3,24.8,2.5,0.0
2,1630456405000000,1630456759000000,3.0,1.24,1.0,N,151,239,1,7.0,0.5,0.5,2.16,0.0,0.3,12.96,2.5,0.0
2,1630457025000000,1630457357000000,4.0,1.93,1.0,N,142,238,1,7.5,0.5,0.5,3.39,0.0,0.3,14.69,2.5,0.0
2,1630456704000000,1630457797000000,2.0,9.19,1.0,N,70,230,2,27.0,0.5,0.5,0.0,6.55,0.3,38.6,2.5,1.25
2,1630455329000000,1630455672000000,2.0,1.0,1.0,N,163,48,1,6.0,0.5,0.5,1.96,0.0,0.3,11.76,2.5,0.0
2,1630456830000000,1630457245000000,2.0,2.2,1.0,N,162,263,1,8.5,0.5,0.5,2.46,0.0,0.3,14.76,2.5,0.0
2,1630456776000000,1630457235000000,1.0,2.15,1.0,N,137,141,1,8.5,0.5,0.5,2.46,0.0,0.3,14.76,2.5,0.0
2,1630454925000000,1630455205000000,3.0,0.72,1.0,N,17,217,2,5.0,0.5,0.5,0.0,0.0,0.3,6.3,0.0,0.0
2,1630456395000000,1630456894000000,2.0,0.98,1.0,N,113,113,1,7.0,0.5,0.5,1.0,0.0,0.3,11.8,2.5,0.0
2,1630457211000000,1630457596000000,2.0,1.18,1.0,N,249,234,1,6.5,0.5,0.5,2.58,0.0,0.3,12.88,2.5,0.0
2,1630457767000000,1630458159000000,3.0,1.75,1.0,N,234,48,1,7.5,0.5,0.5,1.0,0.0,0.3,12.3,2.5,0.0
2,1630455544000000,1630456399000000,1.0,1.72,1.0,N,144,79,2,10.5,0.5,0.5,0.0,0.0,0.3,14.3,2.5,0.0
2,1630454568000000,1630454956000000,3.0,1.61,1.0,N,234,148,1,7.5,0.5,0.5,2.26,0.0,0.3,13.56,2.5,0.0
2,1630455465000000,1630455890000000,2.0,2.21,1.0,N,148,256,2,8.5,0.5,0.5,0.0,0.0,0.3,12.3,2.5,0.0
2,1630456731000000,1630458608000000,2.0,18.26,2.0,N,132,68,2,52.0,0.0,0.5,0.0,6.55,0.3,63.1,2.5,1.25
1,1630455638000000,1630456208000000,3.0,1.7,1.0,N,230,229,2,8.5,3.0,0.5,0.0,0.0,0.3,12.3,2.5,0.0
1,1630456308000000,1630456976000000,1.0,2.6,1.0,N,229,113,2,10.5,3.0,0.5,0.0,0.0,0.3,14.3,2.5,0.0
1,1630457276000000,1630458936000000,1.0,10.6,1.0,N,79,89,1,32.0,3.0,0.5,7.15,0.0,0.3,42.95,2.5,0.0
1,1630455013000000,1630456962000000,0.0,10.5,1.0,N,79,14,1,33.5,3.0,0.5,5.0,0.0,0.3,42.3,2.5,0.0
1,1630457056000000,1630458111000000,0.0,10.8,1.0,N,14,187,4,30.5,0.5,0.5,0.0,13.1,0.3,44.9,0.0,0.0
2,1630455388000000,1630456683000000,1.0,5.7,1.0,N,107,61,1,19.5,0.5,0.5,6.99,0.0,0.3,30.29,2.5,0.0
2,1630455058000000,1630455514000000,1.0,1.85,1.0,N,144,234,2,8.0,0.5,0.5,0.0,0.0,0.3,11.8,2.5,0.0
2,1630455702000000,1630455821000000,2.0,0.82,1.0,N,90,186,1,4.5,0.5,0.5,1.66,0.0,0.3,9.96,2.5,0.0
2,1630456113000000,1630457241000000,1.0,4.83,1.0,N,125,190,1,17.5,0.5,0.5,5.32,0.0,0.3,26.62,2.5,0.0
1,1630454975000000,1630456726000000,1.0,7.0,1.0,N,90,223,1,24.5,3.0,0.5,0.0,0.0,0.3,28.3,2.5,0.0
2,1630455298000000,1630455426000000,1.0,0.86,1.0,N,162,107,1,4.5,0.5,0.5,1.66,0.0,0.3,9.96,2.5,0.0
2,1630457823000000,1630458845000000,1.0,2.98,1.0,N,68,148,1,14.0,0.5,0.5,3.56,0.0,0.3,21.36,2.5,0.0
2,1630454480000000,1630456738000000,1.0,7.38,1.0,N,141,173,2,28.5,0.5,0.5,0.0,0.0,0.3,32.3,2.5,0.0
2,1630455883000000,1630540800000000,2.0,5.12,1.0,N,24,68,2,16.5,0.5,0.5,0.0,0.0,0.3,20.3,2.5,0.0
2,1630457086000000,1630457682000000,2.0,2.97,1.0,N,90,261,2,11.0,0.5,0.5,0.0,0.0,0.3,14.8,2.5,0.0
2,1630455613000000,1630455789000000,1.0,1.11,1.0,N,186,249,1,5.0,0.5,0.5,1.76,0.0,0.3,10.56,2.5,0.0
2,1630456121000000,1630456751000000,1.0,3.05,1.0,N,249,237,2,11.0,0.5,0.5,0.0,0.0,0.3,14.8,2.5,0.0
2,1630457384000000,1630457601000000,1.0,1.37,1.0,N,234,144,1,6.0,0.5,0.5,2.45,0.0,0.3,12.25,2.5,0.0
2,1630457753000000,1630458691000000,1.0,3.8,1.0,N,211,49,2,15.0,0.5,0.5,0.0,0.0,0.3,18.8,2.5,0.0
2,1630454578000000,1630455268000000,1.0,2.29,1.0,N,263,238,1,10.5,0.5,0.5,2.86,0.0,0.3,17.16,2.5,0.0
2,1630457098000000,1630457427000000,1.0,1.56,1.0,N,249,234,1,6.5,0.5,0.5,3.09,0.0,0.3,13.39,2.5,0.0
2,1630457697000000,1630459369000000,1.0,13.22,1.0,N,107,14,1,38.5,0.5,0.5,12.21,6.55,0.3,61.06,2.5,0.0
2,1630454282000000,1630455794000000,1.0,8.71,1.0,N,170,189,1,27.5,0.5,0.5,7.82,0.0,0.3,39.12,2.5,0.0
2,1630456637000000,1630456642000000,1.0,0.0,1.0,N,257,257,2,2.5,0.5,0.5,0.0,0.0,0.3,3.8,0.0,0.0
1,1630455191000000,1630455504000000,1.0,0.9,1.0,N,68,100,1,5.5,3.0,0.5,0.0,0.0,0.3,9.3,2.5,0.0
2,1630455510000000,1630455738000000,4.0,0.83,1.0,N,148,4,2,4.5,0.5,0.5,0.0,0.0,0.3,8.3,2.5,0.0
2,1630456244000000,1630456643000000,2.0,1.33,1.0,N,79,234,1,7.0,0.5,0.5,3.24,0.0,0.3,14.04,2.5,0.0
2,1630456740000000,1630457191000000,2.0,2.0,1.0,N,234,162,1,8.5,0.5,0.5,2.46,0.0,0.3,14.76,2.5,0.0
1,1630454520000000,1630455865000000,1.0,6.3,1.0,N,211,151,1,21.5,3.0,0.5,5.05,0.0,0.3,30.35,2.5,0.0
1,1630456402000000,1630457206000000,1.0,2.5,1.0,N,143,162,1,12.0,3.0,0.5,2.0,0.0,0.3,17.8,2.5,0.0
1,1630457318000000,1630458045000000,1.0,3.4,1.0,N,162,231,1,12.5,3.0,0.5,3.25,0.0,0.3,19.55,2.5,0.0
1,1630454662000000,1630454805000000,1.0,0.7,1.0,N,170,186,1,4.5,3.0,0.5,0.7,0.0,0.3,9.0,2.5,0.0
1,1630455102000000,1630455133000000,1.0,0.7,1.0,N,100,100,1,2.5,3.0,0.5,0.02,96.0,0.3,102.32,2.5,0.0
1,1630454642000000,1630455087000000,1.0,1.2,1.0,N,161,233,1,7.0,3.0,0.5,1.0,0.0,0.3,11.8,2.5,0.0
1,1630455924000000,1630456388000000,1.0,2.0,1.0,N,79,261,1,8.5,3.0,0.5,2.45,0.0,0.3,14.75,2.5,0.0
1,1630456547000000,1630458303000000,1.0,12.9,1.0,N,88,244,1,39.5,3.0,0.5,0.04,0.0,0.3,43.34,2.5,0.0
2,1630457008000000,1630459383000000,1.0,22.3,2.0,N,132,261,1,52.0,0.0,0.5,12.37,6.55,0.3,75.47,2.5,1.25
2,1630455546000000,1630455884000000,1.0,0.75,1.0,N,148,148,2,5.5,0.5,0.5,0.0,0.0,0.3,9.3,2.5,0.0
2,1630456200000000,1630456777000000,1.0,1.82,1.0,N,148,249,1,9.0,0.5,0.5,2.56,0.0,0.3,15.36,2.5,0.0
2,1630456899000000,1630457319000000,1.0,1.79,1.0,N,68,50,1,8.0,0.5,0.5,2.36,0.0,0.3,14.16,2.5,0.0
1,1630456663000000,1630457796000000,1.0,3.4,1.0,N,163,246,2,15.0,3.0,0.5,0.0,0.0,0.3,18.8,2.5,0.0
1,1630454493000000,1630454858000000,2.0,1.4,1.0,N,68,230,2,7.0,3.0,0.5,0.0,0.0,0.3,10.8,2.5,0.0
1,1630455457000000,1630455676000000,1.0,0.8,1.0,N,163,141,1,5.0,3.0,0.5,1.0,0.0,0.3,9.8,2.5,0.0
1,1630455926000000,1630456260000000,1.0,1.5,1.0,Y,141,236,1,7.0,3.0,0.5,2.7,0.0,0.3,13.5,2.5,0.0
1,1630456865000000,1630458844000000,1.0,13.8,1.0,N,162,216,1,41.5,3.0,0.5,0.0,0.0,0.3,45.3,2.5,0.0
1,1630454863000000,1630454990000000,1.0,0.4,1.0,N,162,162,1,3.5,3.0,0.5,1.5,0.0,0.3,8.8,2.5,0.0
2,1630455553000000,1630456292000000,6.0,2.26,1.0,N,107,163,2,10.5,0.5,0.5,0.0,0.0,0.3,14.3,2.5,0.0
2,1630456478000000,1630456998000000,1.0,2.54,1.0,N,230,158,2,9.5,0.5,0.5,0.0,0.0,0.3,13.3,2.5,0.0
2,1630457682000000,1630457748000000,6.0,0.19,1.0,N,230,48,2,3.0,0.5,0.5,0.0,0.0,0.3,6.8,2.5,0.0
2,1630455498000000,1630455759000000,1.0,0.89,1.0,N,234,90,1,5.0,0.5,0.5,1.76,0.0,0.3,10.56,2.5,0.0
2,1630455950000000,1630456620000000,1.0,3.15,1.0,N,90,140,1,11.5,0.5,0.5,1.7,0.0,0.3,17.0,2.5,0.0
2,1630457067000000,1630457905000000,1.0,3.0,1.0,N,229,68,2,12.0,0.5,0.5,0.0,0.0,0.3,15.8,2.5,0.0
2,1630455419000000,1630458987000000,4.0,40.92,5.0,N,132,265,2,121.25,0.0,0.0,0.0,22.3,0.3,145.1,0.0,1.25
2,1630455902000000,1630456546000000,2.0,1.65,1.0,N,100,107,1,9.0,0.5,0.5,3.2,0.0,0.3,16.0,2.5,0.0
2,1630457361000000,1630457754000000,2.0,1.34,1.0,N,162,43,1,7.0,0.5,0.5,2.7,0.0,0.3,13.5,2.5,0.0
2,1630457806000000,1630458395000000,2.0,3.1,1.0,N,43,166,1,11.0,0.5,0.5,2.0,0.0,0.3,16.8,2.5,0.0
2,1630454571000000,1630455063000000,1.0,2.13,1.0,N,151,75,2,9.0,0.5,0.5,0.0,0.0,0.3,10.3,0.0,0.0
2,1630456408000000,1630456844000000,1.0,2.27,1.0,N,125,246,1,9.0,0.5,0.5,1.92,0.0,0.3,14.72,2.5,0.0
2,1630456872000000,1630457809000000,1.0,3.68,1.0,N,68,232,1,14.0,0.5,0.5,3.56,0.0,0.3,21.36,2.5,0.0
1,1630455350000000,1630456780000000,2.0,12.5,1.0,N,138,10,2,35.0,1.75,0.5,0.0,0.0,0.3,37.55,0.0,1.25
2,1630456126000000,1630457333000000,1.0,9.08,1.0,N,138,164,1,27.5,0.5,0.5,9.78,6.55,0.3,48.88,2.5,1.25
2,1630455648000000,1630456320000000,1.0,4.37,1.0,N,107,75,1,13.5,0.5,0.5,3.46,0.0,0.3,20.76,2.5,0.0
2,1630455310000000,1630456148000000,2.0,6.43,1.0,N,262,243,2,19.5,0.5,0.5,0.0,0.0,0.3,23.3,2.5,0.0
2,1630457442000000,1630458157000000,2.0,4.91,1.0,N,263,42,2,16.0,0.5,0.5,0.0,0.0,0.3,19.8,2.5,0.0
2,1630455271000000,1630533133000000,6.0,9.76,1.0,N,138,90,1,28.5,0.5,0.5,6.02,6.55,0.3,46.12,2.5,1.25
2,1630454958000000,1630455570000000,1.0,3.1,1.0,N,249,43,1,11.0,0.5,0.5,2.96,0.0,0.3,17.76,2.5,0.0
2,1630456051000000,1630456784000000,1.0,3.62,1.0,N,100,232,2,13.5,0.5,0.5,0.0,0.0,0.3,17.3,2.5,0.0
2,1630457779000000,1630458220000000,1.0,1.95,1.0,N,230,143,1,8.0,0.5,0.5,2.36,0.0,0.3,14.16,2.5,0.0
2,1630454773000000,1630455139000000,1.0,1.97,1.0,N,68,142,1,7.5,0.5,0.5,2.26,0.0,0.3,13.56,2.5,0.0
2,1630456416000000,1630458520000000,1.0,14.85,1.0,N,68,240,1,44.5,0.5,0.5,5.0,0.0,0.3,53.3,2.5,0.0
2,1630454610000000,1630456257000000,1.0,15.61,1.0,N,132,145,1,43.0,0.5,0.5,9.11,0.0,0.3,54.66,0.0,1.25
2,1630456987000000,1630458025000000,1.0,4.73,1.0,N,233,260,1,17.0,0.5,0.5,4.16,0.0,0.3,24.96,2.5,0.0
2,1630454584000000,1630455256000000,1.0,1.95,1.0,N,114,231,1,9.5,0.5,0.5,2.0,0.0,0.3,15.3,2.5,0.0
2,1630455685000000,1630457302000000,1.0,6.76,1.0,N,114,74,2,24.5,0.5,0.5,0.0,0.0,0.3,28.3,2.5,0.0
1,1630457390000000,1630457528000000,1.0,0.5,1.0,N,170,170,1,4.0,3.0,0.5,2.3,0.0,0.3,10.1,2.5,0.0
1,1630457771000000,1630458288000000,1.0,2.3,1.0,N,234,163,1,9.5,3.0,0.5,2.0,0.0,0.3,15.3,2.5,0.0
1,1630456184000000,1630457482000000,1.0,15.6,1.0,N,132,129,1,42.0,1.75,0.5,2.0,0.0,0.3,46.55,0.0,1.25
1,1630454469000000,1630454996000000,2.0,1.4,1.0,N,164,230,2,8.0,3.0,0.5,0.0,0.0,0.3,11.8,2.5,0.0
1,1630455149000000,1630456011000000,1.0,3.3,1.0,N,48,141,1,12.5,3.0,0.5,4.05,0.0,0.3,20.35,2.5,0.0
2,1630454196000000,1630455316000000,3.0,9.95,1.0,N,138,79,1,28.0,0.5,0.5,7.92,6.55,0.3,47.52,2.5,1.25
2,1630455697000000,1630456504000000,3.0,3.06,1.0,N,107,142,1,12.0,0.5,0.5,3.16,0.0,0.3,18.96,2.5,0.0
2,1630456897000000,1630457663000000,3.0,2.87,1.0,N,48,107,1,11.5,0.5,0.5,3.06,0.0,0.3,18.36,2.5,0.0
1,1630455136000000,1630455753000000,1.0,2.4,1.0,N,264,24,1,10.0,3.0,0.5,3.45,0.0,0.3,17.25,2.5,0.0
2,1630454568000000,1630455536000000,1.0,8.25,1.0,N,138,236,1,24.5,0.5,0.5,5.42,6.55,0.3,41.52,2.5,1.25
2,1630455613000000,1630456683000000,1.0,5.54,1.0,N,236,4,1,18.5,0.5,0.5,2.23,0.0,0.3,24.53,2.5,0.0
2,1630457224000000,1630458042000000,1.0,3.6,1.0,N,148,230,2,13.0,0.5,0.5,0.0,0.0,0.3,16.8,2.5,0.0
2,1630456140000000,1630456668000000,1.0,2.75,1.0,N,114,229,1,9.5,0.5,0.5,2.0,0.0,0.3,15.3,2.5,0.0
2,1630456134000000,1630456522000000,1.0,1.1,1.0,N,97,65,2,6.5,0.5,0.5,0.0,0.0,0.3,7.8,0.0,0.0
2,1630455021000000,1630455705000000,1.0,2.4,1.0,N,164,231,1,10.5,0.5,0.5,1.0,0.0,0.3,15.3,2.5,0.0
2,1630455984000000,1630456849000000,1.0,4.76,1.0,N,114,263,1,15.5,0.5,0.5,3.86,0.0,0.3,23.16,2.5,0.0
2,1630456928000000,1630457031000000,1.0,0.77,1.0,N,263,75,2,4.0,0.5,0.5,0.0,0.0,0.3,7.8,2.5,0.0
2,1630457736000000,1630457886000000,1.0,0.64,1.0,N,107,233,1,4.0,0.5,0.5,1.56,0.0,0.3,9.36,2.5,0.0
2,1630455675000000,1630456786000000,1.0,1.36,1.0,N,164,230,2,12.5,0.5,0.5,0.0,0.0,0.3,16.3,2.5,0.0
2,1630456236000000,1630457893000000,5.0,12.23,1.0,N,164,14,1,36.5,0.5,0.5,2.0,0.0,0.3,42.3,2.5,0.0
2,1630454536000000,1630456135000000,1.0,10.61,1.0,N,233,47,2,32.0,0.5,0.5,0.0,0.0,0.3,35.8,2.5,0.0
2,1630453726000000,1630454264000000,1.0,2.02,1.0,N,170,48,1,8.5,0.5,0.5,3.08,0.0,0.3,15.38,2.5,0.0
2,1630454385000000,1630454657000000,1.0,0.94,1.0,N,48,161,1,5.5,0.5,0.5,1.86,0.0,0.3,11.16,2.5,0.0
2,1630454951000000,1630455279000000,1.0,1.1,1.0,N,237,262,2,6.0,0.5,0.5,0.0,0.0,0.3,9.8,2.5,0.0
2,1630456569000000,1630458249000000,1.0,12.08,1.0,N,170,14,1,36.0,0.5,0.5,5.0,0.0,0.3,44.8,2.5,0.0
1,1630454782000000,1630456158000000,2.0,15.1,1.0,Y,132,149,1,41.5,0.5,0.5,5.0,0.0,0.3,47.8,0.0,0.0
1,1630456759000000,1630458140000000,2.0,11.1,1.0,N,138,230,1,32.5,4.25,0.5,4.0,6.55,0.3,48.1,2.5,1.25
1,1630454833000000,1630455386000000,1.0,3.6,1.0,N,79,80,1,12.5,3.0,0.5,3.26,0.0,0.3,19.56,2.5,0.0
1,1630456156000000,1630456779000000,1.0,3.4,1.0,N,114,237,1,11.5,3.0,0.5,3.05,0.0,0.3,18.35,2.5,0.0
2,1630454529000000,1630455161000000,1.0,4.01,1.0,N,107,263,2,12.5,0.5,0.5,0.0,0.0,0.3,16.3,2.5,0.0
2,1630455834000000,1630456156000000,1.0,1.57,1.0,N,162,237,1,6.5,0.5,0.5,2.06,0.0,0.3,12.36,2.5,0.0
2,1630456566000000,1630457043000000,1.0,1.89,1.0,N,162,79,1,8.5,0.5,0.5,2.46,0.0,0.3,14.76,2.5,0.0
2,1630457525000000,1630459218000000,1.0,15.43,1.0,N,170,254,2,43.5,0.5,0.5,0.0,0.0,0.3,47.3,2.5,0.0
2,1630454844000000,1630455310000000,1.0,1.22,1.0,N,161,233,1,7.0,0.5,0.5,2.16,0.0,0.3,12.96,2.5,0.0
2,1630455785000000,1630457204000000,1.0,7.33,1.0,N,230,159,1,24.5,0.5,0.5,3.0,0.0,0.3,31.3,2.5,0.0
1,1630456603000000,1630458179000000,1.0,12.7,1.0,N,138,143,1,36.0,4.25,0.5,11.85,6.55,0.3,59.45,2.5,1.25
2,1630455105000000,1630455283000000,2.0,1.2,1.0,N,90,125,1,5.5,0.5,0.5,2.0,0.0,0.3,11.3,2.5,0.0
2,1630455910000000,1630456285000000,1.0,1.54,1.0,N,68,137,1,7.0,0.5,0.5,2.16,0.0,0.3,12.96,2.5,0.0
2,1630456658000000,1630457992000000,1.0,8.86,1.0,N,234,129,1,28.0,0.5,0.5,6.36,0.0,0.3,38.16,2.5,0.0
2,1630456437000000,1630456448000000,1.0,0.0,1.0,N,132,132,2,2.5,0.5,0.5,0.0,0.0,0.3,5.05,0.0,1.25
2,1630456472000000,1630458802000000,1.0,18.65,2.0,N,132,48,1,52.0,0.0,0.5,12.37,6.55,0.3,75.47,2.5,1.25
2,1630455013000000,1630455304000000,5.0,1.63,1.0,N,237,263,1,6.5,0.5,0.5,2.06,0.0,0.3,12.36,2.5,0.0
2,1630455624000000,1630456811000000,3.0,9.29,1.0,N,237,40,1,26.5,0.5,0.5,6.06,0.0,0.3,36.36,2.5,0.0
2,1630454993000000,1630455897000000,1.0,5.78,1.0,N,263,244,1,18.5,0.5,0.5,0.0,0.0,0.3,22.3,2.5,0.0
1,1630455583000000,1630455587000000,1.0,0.0,1.0,N,132,132,3,2.5,1.75,0.5,0.0,0.0,0.3,5.05,0.0,1.25
1,1630455627000000,1630457188000000,1.0,18.5,2.0,N,132,148,1,52.0,3.75,0.5,0.0,0.0,0.3,56.55,2.5,1.25
1,1630457443000000,1630458228000000,2.0,4.2,1.0,N,148,161,1,14.5,3.0,0.5,1.7,0.0,0.3,20.0,2.5,0.0
2,1630454540000000,1630454849000000,1.0,1.23,1.0,N,141,263,1,6.0,0.5,0.5,1.96,0.0,0.3,11.76,2.5,0.0
2,1630454933000000,1630455550000000,2.0,2.19,1.0,N,263,141,1,9.5,0.5,0.5,2.66,0.0,0.3,15.96,2.5,0.0
2,1630454371000000,1630454825000000,2.0,2.79,1.0,N,107,140,1,9.5,0.5,0.5,2.66,0.0,0.3,15.96,2.5,0.0
2,1630455115000000,1630455655000000,2.0,2.43,1.0,N,236,151,1,9.0,0.5,0.5,1.5,0.0,0.3,14.3,2.5,0.0
2,1630457132000000,1630457797000000,2.0,2.94,1.0,N,163,79,1,11.5,0.5,0.5,3.06,0.0,0.3,18.36,2.5,0.0
2,1630457034000000,1630457599000000,1.0,3.43,1.0,N,211,163,2,11.5,0.5,0.5,0.0,0.0,0.3,15.3,2.5,0.0
2,1630457941000000,1630458288000000,5.0,1.43,1.0,N,234,162,2,6.5,0.5,0.5,0.0,0.0,0.3,10.3,2.5,0.0
1,1630457226000000,1630458913000000,2.0,11.2,1.0,N,132,61,1,34.0,1.75,0.5,10.95,0.0,0.3,47.5,0.0,1.25
2,1630455571000000,1630456477000000,3.0,4.44,1.0,N,87,234,1,16.0,0.5,0.5,3.96,0.0,0.3,23.76,2.5,0.0
2,1630455136000000,1630455900000000,1.0,2.44,1.0,N,186,237,1,10.5,0.5,0.5,2.86,0.0,0.3,17.16,2.5,0.0
2,1630456293000000,1630456741000000,1.0,1.09,1.0,N,162,48,1,7.0,0.5,0.5,2.16,0.0,0.3,12.96,2.5,0.0
2,1630454557000000,1630454832000000,1.0,0.41,1.0,N,79,79,1,5.0,0.5,0.5,1.76,0.0,0.3,10.56,2.5,0.0
2,1630455146000000,1630455473000000,1.0,1.32,1.0,N,107,161,1,6.5,0.5,0.5,2.06,0.0,0.3,12.36,2.5,0.0
2,1630456013000000,1630456129000000,1.0,0.67,1.0,N,141,141,1,4.0,0.5,0.5,1.0,0.0,0.3,8.8,2.5,0.0
2,1630456421000000,1630456667000000,1.0,1.68,1.0,N,233,107,1,6.5,0.5,0.5,1.0,0.0,0.3,11.3,2.5,0.0
2,1630456855000000,1630457190000000,1.0,1.37,1.0,N,137,79,1,6.5,0.5,0.5,2.06,0.0,0.3,12.36,2.5,0.0
2,1630455702000000,1630456005000000,1.0,0.72,1.0,N,249,90,1,5.5,0.5,0.5,1.86,0.0,0.3,11.16,2.5,0.0
2,1630456211000000,1630456549000000,1.0,2.01,1.0,N,90,48,1,7.5,0.5,0.5,2.5,0.0,0.3,13.8,2.5,0.0
2,1630457378000000,1630457719000000,1.0,2.33,1.0,N,249,163,1,8.5,0.5,0.5,1.5,0.0,0.3,13.8,2.5,0.0
2,1630454946000000,1630455458000000,2.0,1.81,1.0,N,75,74,2,8.5,0.5,0.5,0.0,0.0,0.3,9.8,0.0,0.0
1,1630454562000000,1630455267000000,1.0,4.9,1.0,N,79,75,1,15.0,3.0,0.5,5.6,0.0,0.3,24.4,2.5,0.0
1,1630456446000000,1630457607000000,2.0,6.7,1.0,N,79,166,1,20.5,3.0,0.5,0.0,0.0,0.3,24.3,2.5,0.0
2,1630454463000000,1630455232000000,6.0,3.15,1.0,N,75,229,1,12.0,0.5,0.5,3.16,0.0,0.3,18.96,2.5,0.0
2,1630455534000000,1630455771000000,6.0,0.74,1.0,N,229,237,1,5.0,0.5,0.5,1.76,0.0,0.3,10.56,2.5,0.0
2,1630457526000000,1630458023000000,6.0,2.56,1.0,N,170,142,1,9.0,0.5,0.5,2.56,0.0,0.3,15.36,2.5,0.0
1,1630454764000000,1630455302000000,1.0,1.8,1.0,N,151,74,1,8.0,0.5,0.5,0.0,0.0,0.3,9.3,0.0,0.0
1,1630455772000000,1630456177000000,2.0,1.2,1.0,N,114,4,1,6.5,3.0,0.5,2.0,0.0,0.3,12.3,2.5,0.0
2,1630454494000000,1630455501000000,1.0,4.23,1.0,N,263,234,1,15.0,0.5,0.5,3.76,0.0,0.3,22.56,2.5,0.0
2,1630455754000000,1630456503000000,1.0,3.03,1.0,N,100,140,2,11.5,0.5,0.5,0.0,0.0,0.3,15.3,2.5,0.0
2,1630457533000000,1630458760000000,1.0,9.74,1.0,N,162,127,1,29.0,0.5,0.5,8.0,0.0,0.3,40.8,2.5,0.0
1,1630455940000000,1630458324000000,2.0,20.0,2.0,N,132,239,1,52.0,3.75,0.5,12.62,6.55,0.3,75.72,2.5,1.25
2,1630456363000000,1630457382000000,1.0,4.18,1.0,N,75,116,1,15.5,0.5,0.5,3.36,0.0,0.3,20.16,0.0,0.0
1,1630456428000000,1630458232000000,2.0,19.1,2.0,N,132,125,2,52.0,3.75,0.5,0.0,0.0,0.3,56.55,2.5,1.25
2,1630455316000000,1630455547000000,1.0,1.57,1.0,N,68,48,1,6.0,0.5,0.5,1.96,0.0,0.3,11.76,2.5,0.0
2,1630454542000000,1630455756000000,1.0,5.4,1.0,N,234,49,1,19.0,0.5,0.5,4.0,0.0,0.3,26.8,2.5,0.0
2,1630457660000000,1630458072000000,1.0,0.95,1.0,N,79,144,1,6.5,0.5,0.5,2.06,0.0,0.3,12.36,2.5,0.0
1,1630454834000000,1630454944000000,1.0,0.7,1.0,N,137,107,2,4.0,3.0,0.5,0.0,0.0,0.3,7.8,2.5,0.0
1,1630456027000000,1630456483000000,1.0,1.9,1.0,N,113,233,1,8.0,3.0,0.5,2.35,0.0,0.3,14.15,2.5,0.0
1,1630456613000000,1630456918000000,1.0,1.2,1.0,N,162,186,1,6.0,3.0,0.5,2.45,0.0,0.3,12.25,2.5,0.0
1,1630457569000000,1630458420000000,3.0,3.5,1.0,N,186,238,1,14.0,3.0,0.5,3.55,0.0,0.3,21.35,2.5,0.0
2,1630455414000000,1630455826000000,1.0,1.84,1.0,N,239,48,2,8.0,0.5,0.5,0.0,0.0,0.3,11.8,2.5,0.0
2,1630455232000000,1630455967000000,1.0,9.12,1.0,N,138,4,1,25.5,0.5,0.5,5.86,0.0,0.3,36.41,2.5,1.25
2,1630456251000000,1630457171000000,1.0,4.76,1.0,N,79,145,1,15.5,0.5,0.5,3.86,0.0,0.3,23.16,2.5,0.0
2,1630454811000000,1630455904000000,1.0,4.7,1.0,N,140,249,1,17.0,0.5,0.5,4.16,0.0,0.3,24.96,2.5,0.0
2,1630456226000000,1630457362000000,2.0,6.55,1.0,N,158,166,1,21.0,0.5,0.5,4.0,0.0,0.3,28.8,2.5,0.0
2,1630454512000000,1630455226000000,1.0,3.77,1.0,N,237,249,1,13.0,0.5,0.5,3.36,0.0,0.3,20.16,2.5,0.0
1,1630456330000000,1630457987000000,1.0,10.7,1.0,N,138,142,1,33.0,4.25,0.5,8.9,6.55,0.3,53.5,2.5,1.25
1,1630454966000000,1630455837000000,1.0,4.2,1.0,N,113,189,1,15.0,3.0,0.5,3.76,0.0,0.3,22.56,2.5,0.0
1,1630455935000000,1630456657000000,1.0,2.6,1.0,N,237,68,1,11.0,3.0,0.5,0.0,0.0,0.3,14.8,2.5,0.0
2,1630454892000000,1630456386000000,1.0,8.44,1.0,N,100,244,1,28.5,0.5,0.5,9.69,0.0,0.3,41.99,2.5,0.0
2,1630455932000000,1630456528000000,2.0,2.69,1.0,N,186,239,1,10.5,0.5,0.5,2.86,0.0,0.3,17.16,2.5,0.0
1,1630455867000000,1630456142000000,1.0,1.8,1.0,N,231,90,1,7.0,3.0,0.5,2.15,0.0,0.3,12.95,2.5,0.0
1,1630457955000000,1630458890000000,2.0,8.2,1.0,N,246,116,1,24.0,3.0,0.5,5.55,0.0,0.3,33.35,2.5,0.0
2,1630456243000000,1630456784000000,2.0,1.66,1.0,N,186,233,1,8.0,0.5,0.5,1.0,0.0,0.3,12.8,2.5,0.0
2,1630454677000000,1630455059000000,1.0,2.19,1.0,N,239,48,2,8.0,0.5,0.5,0.0,0.0,0.3,11.8,2.5,0.0
2,1630455330000000,1630456433000000,1.0,7.62,1.0,N,230,244,1,24.5,0.5,0.5,5.66,0.0,0.3,33.96,2.5,0.0
1,1630454641000000,1630455437000000,2.0,2.3,1.0,N,79,261,1,11.0,3.0,0.5,3.7,0.0,0.3,18.5,2.5,0.0
1,1630455734000000,1630456172000000,1.0,1.1,1.0,N,231,144,1,6.5,3.0,0.5,2.05,0.0,0.3,12.35,2.5,0.0
1,1630456539000000,1630456887000000,1.0,1.0,1.0,N,148,231,1,6.0,3.0,0.5,2.9,0.0,0.3,12.7,2.5,0.0
1,1630457247000000,1630457463000000,1.0,0.5,1.0,N,125,158,1,4.5,3.0,0.5,1.65,0.0,0.3,9.95,2.5,0.0
1,1630455161000000,1630456529000000,2.0,14.7,1.0,N,138,265,1,39.5,1.75,0.5,0.0,0.0,0.3,42.05,0.0,1.25
2,1630454516000000,1630454913000000,2.0,1.07,1.0,N,230,163,1,6.0,0.5,0.5,1.0,0.0,0.3,10.8,2.5,0.0
2,1630456008000000,1630456620000000,2.0,2.31,1.0,N,186,143,1,9.5,0.5,0.5,1.0,0.0,0.3,14.3,2.5,0.0
2,1630457847000000,1630458403000000,1.0,1.8,1.0,N,164,137,1,8.5,0.5,0.5,0.0,0.0,0.3,12.3,2.5,0.0
2,1630454573000000,1630455381000000,1.0,6.28,1.0,N,237,88,2,19.0,0.5,0.5,0.0,0.0,0.3,22.8,2.5,0.0
2,1630456198000000,1630456201000000,1.0,0.23,5.0,N,34,34,1,45.0,0.0,0.5,9.16,0.0,0.3,54.96,0.0,0.0
2,1630454771000000,1630456068000000,1.0,9.5,1.0,N,138,238,1,28.5,0.5,0.5,7.77,6.55,0.3,47.87,2.5,1.25
2,1630455095000000,1630455773000000,1.0,2.13,1.0,N,249,233,1,9.5,0.5,0.5,2.66,0.0,0.3,15.96,2.5,0.0
2,1630456706000000,1630457059000000,1.0,1.18,1.0,N,148,79,1,6.5,0.5,0.5,2.06,0.0,0.3,12.36,2.5,0.0
2,1630457165000000,1630459092000000,1.0,19.04,1.0,N,132,112,1,53.0,0.5,0.5,11.11,0.0,0.3,66.66,0.0,1.25
2,1630454416000000,1630454827000000,1.0,0.0,1.0,N,132,132,2,5.5,0.5,0.5,0.0,0.0,0.3,8.05,0.0,1.25
2,1630456270000000,1630457521000000,1.0,8.42,1.0,N,132,131,1,25.5,0.5,0.5,3.0,0.0,0.3,31.05,0.0,1.25
2,1630456032000000,1630456746000000,1.0,3.42,1.0,N,186,141,2,12.5,0.5,0.5,0.0,0.0,0.3,16.3,2.5,0.0
2,1630455081000000,1630457256000000,6.0,8.93,1.0,N,48,228,1,31.5,0.5,0.5,7.06,0.0,0.3,42.36,2.5,0.0
1,1630454840000000,1630456125000000,1.0,4.4,1.0,N,141,144,1,18.0,3.0,0.5,0.0,0.0,0.3,21.8,2.5,0.0
2,1630453953000000,1630454656000000,2.0,2.92,1.0,N,48,238,1,11.5,0.5,0.5,3.06,0.0,0.3,18.36,2.5,0.0
2,1630455344000000,1630455541000000,2.0,1.38,1.0,N,238,142,1,5.5,0.5,0.5,1.86,0.0,0.3,11.16,2.5,0.0
2,1630455800000000,1630456330000000,3.0,2.29,1.0,N,48,249,1,9.0,0.5,0.5,2.56,0.0,0.3,15.36,2.5,0.0
2,1630456600000000,1630457653000000,2.0,6.79,1.0,N,125,226,1,21.5,0.5,0.5,3.0,0.0,0.3,28.3,2.5,0.0
2,1630457795000000,1630458378000000,2.0,2.32,1.0,N,249,246,1,9.5,0.5,0.5,2.66,0.0,0.3,15.96,2.5,0.0
2,1630456373000000,1630457364000000,3.0,3.63,1.0,N,161,148,1,14.5,0.5,0.5,3.66,0.0,0.3,21.96,2.5,0.0
2,1630457764000000,1630458266000000,2.0,1.4,1.0,N,148,158,1,8.0,0.5,0.5,2.36,0.0,0.3,14.16,2.5,0.0
2,1630455691000000,1630456140000000,1.0,1.13,1.0,N,166,151,1,7.0,0.5,0.5,0.7,0.0,0.3,9.0,0.0,0.0
1,1630455074000000,1630456213000000,2.0,6.3,1.0,N,138,237,1,20.5,4.25,0.5,6.35,0.0,0.3,31.9,2.5,1.25
1,1630456541000000,1630456772000000,1.0,1.2,1.0,N,141,263,1,5.5,3.0,0.5,1.85,0.0,0.3,11.15,2.5,0.0
2,1630455333000000,1630455737000000,1.0,1.41,1.0,N,79,231,1,7.0,0.5,0.5,2.16,0.0,0.3,12.96,2.5,0.0
2,1630455844000000,1630456445000000,1.0,4.03,1.0,N,231,224,1,13.0,0.5,0.5,3.36,0.0,0.3,20.16,2.5,0.0
2,1630457149000000,1630457741000000,1.0,3.71,1.0,N,79,263,2,12.0,0.5,0.5,0.0,0.0,0.3,15.8,2.5,0.0
2,1630457893000000,1630458370000000,1.0,3.36,1.0,N,263,107,2,10.5,0.5,0.5,0.0,0.0,0.3,14.3,2.5,0.0
2,1630455110000000,1630455664000000,1.0,5.27,1.0,N,138,135,2,15.5,0.5,0.5,0.0,0.0,0.3,18.05,0.0,1.25
2,1630454876000000,1630455747000000,2.0,3.86,1.0,N,97,137,1,13.5,0.5,0.5,2.0,0.0,0.3,19.3,2.5,0.0
2,1630457206000000,1630457595000000,1.0,2.23,1.0,N,114,162,1,8.0,0.5,0.5,1.77,0.0,0.3,13.57,2.5,0.0
2,1630457801000000,1630457980000000,3.0,0.48,1.0,N,92,92,2,4.0,0.5,0.5,0.0,0.0,0.3,5.3,0.0,0.0
1,1630455408000000,1630455950000000,3.0,3.0,1.0,N,114,163,1,10.5,3.0,0.5,2.85,0.0,0.3,17.15,2.5,0.0
1,1630457107000000,1630458289000000,1.0,10.2,1.0,N,114,56,2,30.0,3.0,0.5,0.0,0.0,0.3,33.8,2.5,0.0
2,1630454333000000,1630454706000000,1.0,1.73,1.0,N,114,231,1,7.5,0.5,0.5,2.26,0.0,0.3,13.56,2.5,0.0
2,1630454842000000,1630455337000000,1.0,2.7,1.0,N,231,68,1,10.0,0.5,0.5,2.76,0.0,0.3,16.56,2.5,0.0
1,1630455933000000,1630458262000000,1.0,16.4,1.0,N,87,29,1,50.0,3.0,0.5,5.0,0.0,0.3,58.8,2.5,0.0
2,1630457117000000,1630457952000000,1.0,8.94,1.0,N,138,140,1,25.0,0.5,0.5,0.0,6.55,0.3,36.6,2.5,1.25
2,1630456771000000,1630457610000000,1.0,8.3,1.0,N,138,233,1,24.0,0.5,0.5,7.12,6.55,0.3,42.72,2.5,1.25
2,1630455800000000,1630456041000000,2.0,1.43,1.0,N,141,170,1,6.0,0.5,0.5,1.96,0.0,0.3,11.76,2.5,0.0
2,1630456372000000,1630457346000000,2.0,4.6,1.0,N,162,42,1,16.0,0.5,0.5,1.0,0.0,0.3,20.8,2.5,0.0
2,1630455537000000,1630456229000000,1.0,3.91,1.0,N,79,141,1,13.0,0.5,0.5,3.36,0.0,0.3,20.16,2.5,0.0
2,1630456046000000,1630456446000000,1.0,1.27,1.0,N,158,79,1,7.0,0.5,0.5,2.7,0.0,0.3,13.5,2.5,0.0
2,1630456881000000,1630457922000000,2.0,5.66,1.0,N,249,238,1,19.0,0.5,0.5,4.56,0.0,0.3,27.36,2.5,0.0
1,1630455857000000,1630456781000000,1.0,8.5,1.0,N,138,244,1,24.0,1.75,0.5,10.0,6.55,0.3,43.1,0.0,1.25
2,1630455558000000,1630456082000000,1.0,1.49,1.0,N,234,79,1,8.0,0.5,0.5,0.0,0.0,0.3,11.8,2.5,0.0
2,1630455414000000,1630455661000000,2.0,0.67,1.0,N,79,148,1,5.0,0.5,0.5,1.76,0.0,0.3,10.56,2.5,0.0
2,1630455994000000,1630456495000000,2.0,1.77,1.0,N,144,264,1,8.0,0.5,0.5,2.36,0.0,0.3,14.16,2.5,0.0
2,1630457154000000,1630457504000000,2.0,1.36,1.0,N,100,234,1,6.5,0.5,0.5,2.06,0.0,0.3,12.36,2.5,0.0
2,1630457644000000,1630457915000000,1.0,1.2,1.0,N,107,4,2,6.0,0.5,0.5,0.0,0.0,0.3,9.8,2.5,0.0
2,1630454857000000,1630456165000000,1.0,4.59,1.0,N,144,61,1,18.0,0.5,0.5,5.45,0.0,0.3,27.25,2.5,0.0
2,1630456157000000,1630456582000000,2.0,1.62,1.0,N,50,158,1,8.0,0.5,0.5,2.36,0.0,0.3,14.16,2.5,0.0
2,1630457472000000,1630458154000000,2.0,3.4,1.0,N,79,97,1,12.5,0.5,0.5,4.08,0.0,0.3,20.38,2.5,0.0
1,1630454465000000,1630454935000000,1.0,1.4,1.0,N,50,100,1,7.0,3.0,0.5,2.7,0.0,0.3,13.5,2.5,0.0
1,1630455207000000,1630455710000000,1.0,1.7,1.0,N,234,230,1,8.0,3.0,0.5,1.5,0.0,0.3,13.3,2.5,0.0
1,1630457095000000,1630457487000000,2.0,1.3,1.0,N,113,4,3,6.5,3.0,0.5,0.0,0.0,0.3,10.3,2.5,0.0
2,1630455514000000,1630456158000000,1.0,3.73,1.0,N,163,42,1,12.0,0.5,0.5,1.5,0.0,0.3,17.3,2.5,0.0
1,1630456376000000,1630458430000000,1.0,26.1,1.0,N,132,195,1,68.0,1.75,0.5,17.6,0.0,0.3,88.15,0.0,1.25
2,1630455561000000,1630456465000000,1.0,4.01,1.0,N,239,107,1,14.5,0.5,0.5,3.66,0.0,0.3,21.96,2.5,0.0
2,1630456925000000,1630457982000000,1.0,4.65,1.0,N,229,239,1,16.5,0.5,0.5,4.06,0.0,0.3,24.36,2.5,0.0
2,1630455707000000,1630456474000000,1.0,5.02,1.0,N,170,74,1,15.0,0.5,0.5,3.76,0.0,0.3,22.56,2.5,0.0
2,1630457380000000,1630457859000000,1.0,2.56,1.0,N,233,148,1,9.5,0.5,0.5,0.0,0.0,0.3,13.3,2.5,0.0
1,1630455108000000,1630455586000000,1.0,2.7,1.0,N,239,152,1,9.5,3.0,0.5,1.0,0.0,0.3,14.3,2.5,0.0
2,1630454485000000,1630454741000000,5.0,0.88,1.0,N,79,232,1,5.5,0.5,0.5,1.86,0.0,0.3,11.16,2.5,0.0
2,1630454844000000,1630455774000000,5.0,5.19,1.0,N,148,236,1,16.5,0.5,0.5,4.06,0.0,0.3,24.36,2.5,0.0
2,1630456131000000,1630542174000000,5.0,0.25,1.0,N,237,237,1,3.0,0.5,0.5,1.7,0.0,0.3,8.5,2.5,0.0
2,1630456293000000,1630456901000000,5.0,3.35,1.0,N,237,24,1,11.5,0.5,0.5,3.06,0.0,0.3,18.36,2.5,0.0
2,1630456002000000,1630456625000000,1.0,6.7,1.0,N,138,28,1,19.5,0.5,0.5,2.0,0.0,0.3,24.05,0.0,1.25
2,1630454428000000,1630455359000000,1.0,7.53,1.0,N,138,43,1,23.0,0.5,0.5,6.17,6.55,0.3,38.27,0.0,1.25
2,1630456130000000,1630456736000000,2.0,3.4,1.0,N,141,144,2,11.5,0.5,0.5,0.0,0.0,0.3,15.3,2.5,0.0
2,1630456865000000,1630457152000000,2.0,0.67,1.0,N,144,148,2,5.5,0.5,0.5,0.0,0.0,0.3,9.3,2.5,0.0
2,1630457802000000,1630458547000000,1.0,5.17,1.0,N,79,74,1,15.5,0.5,0.5,0.0,0.0,0.3,19.3,2.5,0.0
1,1630455271000000,1630455943000000,1.0,2.5,1.0,N,97,190,2,10.5,0.5,0.5,0.0,0.0,0.3,11.8,0.0,0.0
1,1630457270000000,1630457963000000,1.0,8.1,1.0,N,148,223,1,23.0,3.0,0.5,0.0,0.0,0.3,26.8,2.5,0.0
2,1630455565000000,1630456364000000,1.0,4.01,1.0,N,138,82,1,13.5,0.5,0.5,3.21,0.0,0.3,19.26,0.0,1.25
2,1630456073000000,1630457823000000,1.0,17.65,2.0,N,132,48,1,52.0,0.0,0.5,10.0,6.55,0.3,73.1,2.5,1.25
2,1630455989000000,1630456557000000,1.0,2.9,1.0,N,68,239,1,10.5,0.5,0.5,2.86,0.0,0.3,17.16,2.5,0.0
2,1630456818000000,1630457259000000,1.0,1.77,1.0,N,239,230,1,8.0,0.5,0.5,0.0,0.0,0.3,11.8,2.5,0.0
1,1630456995000000,1630457609000000,1.0,2.8,1.0,N,186,79,1,10.5,3.0,0.5,3.55,0.0,0.3,17.85,2.5,0.0
1,1630457705000000,1630458228000000,1.0,2.2,1.0,N,79,162,2,9.0,3.0,0.5,0.0,0.0,0.3,12.8,2.5,0.0
2,1630456919000000,1630457512000000,1.0,3.17,1.0,N,48,145,1,11.5,0.5,0.5,3.82,0.0,0.3,19.12,2.5,0.0
2,1630454874000000,1630455938000000,1.0,4.79,1.0,N,161,231,1,17.0,0.5,0.5,4.16,0.0,0.3,24.96,2.5,0.0
2,1630457640000000,1630458146000000,1.0,4.18,1.0,N,132,216,1,13.5,0.5,0.5,2.96,0.0,0.3,19.01,0.0,1.25
2,1630456316000000,1630456485000000,1.0,0.53,1.0,N,263,263,1,4.0,0.5,0.5,0.0,0.0,0.3,7.8,2.5,0.0
2,1630457120000000,1630457452000000,2.0,1.68,1.0,N,229,107,1,7.0,0.5,0.5,1.62,0.0,0.3,12.42,2.5,0.0
2,1630454436000000,1630455373000000,2.0,3.43,1.0,N,234,236,1,14.5,0.5,0.5,3.66,0.0,0.3,21.96,2.5,0.0
2,1630455653000000,1630456322000000,1.0,3.22,1.0,N,236,234,1,12.0,0.5,0.5,2.84,0.0,0.3,18.64,2.5,0.0
2,1630456427000000,1630457042000000,1.0,2.99,1.0,N,90,237,1,11.0,0.5,0.5,2.96,0.0,0.3,17.76,2.5,0.0
2,1630457162000000,1630457448000000,1.0,2.02,1.0,N,229,107,1,7.5,0.5,0.5,2.26,0.0,0.3,13.56,2.5,0.0
2,1630457870000000,1630458360000000,1.0,1.8,1.0,N,79,234,2,8.5,0.5,0.5,0.0,0.0,0.3,12.3,2.5,0.0
2,1630455774000000,1630456197000000,1.0,1.0,1.0,N,148,232,2,6.5,0.5,0.5,0.0,0.0,0.3,10.3,2.5,0.0
1,1630454796000000,1630457002000000,1.0,20.1,1.0,N,132,181,1,55.5,1.75,0.5,11.6,0.0,0.3,69.65,0.0,1.25
2,1630456980000000,1630457480000000,1.0,1.53,1.0,N,79,90,2,8.0,0.5,0.5,0.0,0.0,0.3,11.8,2.5,0.0
2,1630457588000000,1630458652000000,1.0,8.15,1.0,N,249,244,2,25.0,0.5,0.5,0.0,0.0,0.3,28.8,2.5,0.0
2,1630455210000000,1630455885000000,2.0,3.44,1.0,N,237,166,1,12.0,0.5,0.5,3.16,0.0,0.3,18.96,2.5,0.0
2,1630455198000000,1630455715000000,2.0,2.88,1.0,N,179,83,2,11.0,0.5,0.5,0.0,0.0,0.3,12.3,0.0,0.0
2,1630456882000000,1630458153000000,2.0,8.92,1.0,N,138,24,1,27.5,0.5,0.5,7.32,6.55,0.3,43.92,0.0,1.25
2,1630457156000000,1630457533000000,4.0,1.53,1.0,N,113,90,1,7.0,0.5,0.5,2.16,0.0,0.3,12.96,2.5,0.0
2,1630454683000000,1630455197000000,1.0,1.82,1.0,N,164,142,1,8.5,0.5,0.5,2.46,0.0,0.3,14.76,2.5,0.0
2,1630456374000000,1630456622000000,1.0,1.39,1.0,N,230,90,1,6.0,0.5,0.5,1.96,0.0,0.3,11.76,2.5,0.0
2,1630456714000000,1630457030000000,1.0,1.29,1.0,N,68,246,1,6.5,0.5,0.5,2.06,0.0,0.3,12.36,2.5,0.0
2,1630457864000000,1630458096000000,1.0,1.19,1.0,N,68,48,1,5.5,0.5,0.5,1.4,0.0,0.3,10.7,2.5,0.0
2,1630454823000000,1630455350000000,3.0,2.32,1.0,N,107,229,1,9.5,0.5,0.5,3.32,0.0,0.3,16.62,2.5,0.0
2,1630456303000000,1630456861000000,5.0,2.25,1.0,N,229,143,1,9.0,0.5,0.5,3.84,0.0,0.3,16.64,2.5,0.0
2,1630457525000000,1630457678000000,3.0,1.02,1.0,N,237,141,2,5.0,0.5,0.5,0.0,0.0,0.3,8.8,2.5,0.0
2,1630456427000000,1630458114000000,1.0,12.41,1.0,N,68,248,1,37.5,0.5,0.5,0.0,0.0,0.3,38.8,0.0,0.0
2,1630454593000000,1630454972000000,2.0,1.5,1.0,N,125,13,1,7.0,0.5,0.5,2.16,0.0,0.3,12.96,2.5,0.0
2,1630455303000000,1630455444000000,2.0,0.84,1.0,N,261,231,1,4.5,0.5,0.5,1.0,0.0,0.3,9.3,2.5,0.0
2,1630456179000000,1630456522000000,2.0,3.9,1.0,N,209,137,1,12.0,0.5,0.5,3.16,0.0,0.3,18.96,2.5,0.0
2,1630456733000000,1630456886000000,2.0,0.94,1.0,N,137,79,1,4.5,0.5,0.5,0.0,0.0,0.3,8.3,2.5,0.0
2,1630456993000000,1630457507000000,2.0,3.4,1.0,N,107,263,1,11.0,0.5,0.5,2.96,0.0,0.3,17.76,2.5,0.0
2,1630454403000000,1630454499000000,1.0,0.39,1.0,N,107,107,1,3.5,0.5,0.5,1.46,0.0,0.3,8.76,2.5,0.0
2,1630454837000000,1630455487000000,3.0,2.36,1.0,N,234,170,1,10.0,0.5,0.5,2.76,0.0,0.3,16.56,2.5,0.0
2,1630455611000000,1630456020000000,1.0,2.16,1.0,N,170,114,1,8.5,0.5,0.5,1.0,0.0,0.3,13.3,2.5,0.0
2,1630456184000000,1630456810000000,2.0,2.84,1.0,N,114,230,2,11.0,0.5,0.5,0.0,0.0,0.3,14.8,2.5,0.0
2,1630457192000000,1630457400000000,1.0,0.81,1.0,N,100,90,1,5.0,0.5,0.5,1.76,0.0,0.3,10.56,2.5,0.0
2,1630457858000000,1630458073000000,1.0,1.38,1.0,N,90,211,2,5.5,0.5,0.5,0.0,0.0,0.3,9.3,2.5,0.0
2,1630455953000000,1630457250000000,1.0,6.56,1.0,N,107,7,1,21.0,0.5,0.5,6.2,0.0,0.3,31.0,2.5,0.0
2,1630455925000000,1630457043000000,1.0,9.58,1.0,N,264,61,2,27.5,0.5,0.5,0.0,0.0,0.3,28.8,0.0,0.0
2,1630456240000000,1630456954000000,1.0,2.51,1.0,N,148,90,1,10.5,0.5,0.5,2.86,0.0,0.3,17.16,2.5,0.0
2,1630457045000000,1630457450000000,1.0,1.58,1.0,N,68,48,1,7.0,0.5,0.5,2.16,0.0,0.3,12.96,2.5,0.0
2,1630455310000000,1630456108000000,2.0,4.1,1.0,N,186,151,1,14.0,0.5,0.5,3.0,0.0,0.3,20.8,2.5,0.0
2,1630457077000000,1630457678000000,2.0,1.68,1.0,N,238,263,2,9.0,0.5,0.5,0.0,0.0,0.3,12.8,2.5,0.0
2,1630455229000000,1630456041000000,1.0,8.07,1.0,N,138,263,2,23.0,0.5,0.5,0.0,6.55,0.3,34.6,2.5,1.25
2,1630456123000000,1630456383000000,1.0,1.65,1.0,N,263,229,2,6.5,0.5,0.5,0.0,0.0,0.3,10.3,2.5,0.0
2,1630457337000000,1630457883000000,1.0,2.98,1.0,N,146,223,1,11.0,0.5,0.5,2.46,0.0,0.3,14.76,0.0,0.0
1,1630455255000000,1630456218000000,2.0,3.1,1.0,N,186,144,1,14.0,3.0,0.5,3.55,0.0,0.3,21.35,2.5,0.0
2,1630455323000000,1630456207000000,1.0,4.64,1.0,N,138,146,1,16.0,0.5,0.5,4.33,0.0,0.3,22.88,0.0,1.25
2,1630457061000000,1630457356000000,1.0,1.64,1.0,N,50,143,1,7.0,0.5,0.5,2.16,0.0,0.3,12.96,2.5,0.0
1,1630454511000000,1630455421000000,3.0,4.6,1.0,N,79,143,1,15.5,3.0,0.5,1.93,0.0,0.3,21.23,2.5,0.0
2,1630456147000000,1630456936000000,2.0,6.4,1.0,N,138,263,2,19.0,0.5,0.5,0.0,6.55,0.3,29.35,2.5,0.0
2,1630455314000000,1630456049000000,1.0,2.65,1.0,N,162,68,1,11.0,0.5,0.5,2.96,0.0,0.3,17.76,2.5,0.0
2,1630454880000000,1630456909000000,3.0,7.81,1.0,N,162,244,1,27.5,0.5,0.5,6.26,0.0,0.3,37.56,2.5,0.0
2,1630454850000000,1630456159000000,1.0,9.64,1.0,N,138,238,1,29.0,0.5,0.5,8.12,6.55,0.3,48.72,2.5,1.25
2,1630456437000000,1630456900000000,1.0,1.59,1.0,N,239,236,1,8.0,0.5,0.5,2.36,0.0,0.3,14.16,2.5,0.0
2,1630457163000000,1630457492000000,1.0,1.2,1.0,N,140,229,1,6.5,0.5,0.5,2.06,0.0,0.3,12.36,2.5,0.0
2,1630458162000000,1630458431000000,1.0,0.93,1.0,N,161,164,1,5.5,0.5,0.5,1.86,0.0,0.3,11.16,2.5,0.0
2,1630454691000000,1630454945000000,1.0,0.99,1.0,N,100,48,2,5.0,0.5,0.5,0.0,0.0,0.3,8.8,2.5,0.0
2,1630455859000000,1630456718000000,1.0,4.64,1.0,N,113,262,1,15.0,0.5,0.5,3.76,0.0,0.3,22.56,2.5,0.0
2,1630457591000000,1630458546000000,1.0,5.84,1.0,N,79,65,1,19.0,0.5,0.5,4.56,0.0,0.3,27.36,2.5,0.0
1,1630455642000000,1630456929000000,1.0,4.6,1.0,N,256,198,1,17.5,0.5,0.5,4.7,0.0,0.3,23.5,0.0,0.0
2,1630454879000000,1630455272000000,4.0,1.8,1.0,N,249,231,1,7.5,0.5,0.5,2.26,0.0,0.3,13.56,2.5,0.0
2,1630457176000000,1630458105000000,4.0,4.88,1.0,N,234,7,1,16.0,0.5,0.5,4.95,0.0,0.3,24.75,2.5,0.0
2,1630456420000000,1630457354000000,1.0,4.6,1.0,N,164,261,1,16.5,0.5,0.5,4.06,0.0,0.3,24.36,2.5,0.0
2,1630457773000000,1630458013000000,1.0,1.63,1.0,N,125,68,1,6.5,0.5,0.5,3.0,0.0,0.3,13.3,2.5,0.0
2,1630457520000000,1630457862000000,1.0,1.23,1.0,N,249,158,1,6.5,0.5,0.5,2.06,0.0,0.3,12.36,2.5,0.0
